brand,name,old_price,new_price,store
Kenmore,Kenmore 60492  18.3 cu. ft. Top-Freezer Refrigerator with Glass Shelves - White,899.99,549.88,Sears
Frigidaire Gallery,Frigidaire Gallery GRFS2853AF  27.8 cu. ft. French Door Refrigerator &#8211; Smudge-Proof&#174; Stainless Steel,2999.99,1949.99,Sears
Frigidaire Gallery,Frigidaire Gallery GRMC2273CF 21.5 cu. ft. Counter-Depth 4-Door French Door Refrigerator &#8211; Smudge-Proof&#174; Stainless Steel,3499.99,1999.99,Sears
LG,"LG LFDS22520S-1 30"" 22 cu.ft. Stainless Steel French Door Refrigerator and Bottom Freezer",2199.99,1699.96,Sears
GE Profile Series,GE Profile Series PSB48YSNSS 48&#8221; Built-in 28.7 cu.ft Side by Side refrigerator &#8211; Stainless Steel,,10929.99,Sears
Kenmore,Kenmore 61262  21 cu. ft. Top-Freezer Refrigerator - White,1099.99,699.88,Sears
LG,LG LMXS28626S 27.8 cu. ft. 4-Door French Door Refrigerator &#8211; Stainless Steel,3099.99,1999.99,Sears
Samsung,Samsung RF27T5501SR/AA 27 cu. ft. French Door Refrigerator with Family Hub&#8482; -  Stainless Steel,3399.99,3056.59,Sears
Frigidaire,Frigidaire FRTD2021AS  20.5 cu. ft. Top Freezer Refrigerator &#8211; Stainless Steel,1029.99,679.99,Sears
Frigidaire Gallery,Frigidaire Gallery GRSS2652AF  25.6 cu. ft. Side-by-Side Refrigerator with Ice & Water Dispenser &#8211; Smudge-Proof&#174; Stainless Steel,1749.99,1179.99,Sears
Kenmore,Kenmore 70762  18.3 cu. ft. Deluxe Top-Freezer Refrigerator eStar Certified w/ Factory Installed ice Maker - White,1120.99,579.88,Sears
Frigidaire,Frigidaire FRTD2021AW  20.5 cu. ft. Top Freezer Refrigerator &#8211; White,929.99,659.99,Sears
Samsung,Samsung RF28R7201SR 28 cu. ft. 4-Door French Door Refrigerator - Stainless Steel,3199.99,2876.79,Sears
Kenmore,Kenmore 70495  18.3 cu. ft. Top-Freezer Refrigerator with Factory Installed Ice Maker - Fingerprint Resistant Stainless Steel Look Finish,1100.99,499.88,Sears
Kenmore,Kenmore 70492  18.3 cu. ft. Top-Freezer Refrigerator with Factory Installed Ice Maker - White,969.99,579.88,Sears
Whirlpool,Whirlpool 36-inch Wide Side-by-Side Refrigerator - 25 cu. ft.,,1599.00,Howard's
Frigidaire,Frigidaire FRSS2623AS 25.6 cu. ft. Side-by-Side Refrigerator &#8211; Stainless Steel,1499.99,1099.99,Sears
Kenmore,Kenmore 73025  26.1 cu. ft. French Door Refrigerator with Ice Maker - Fingerprint Resistant Stainless Steel,2449.99,1499.88,Sears
Haier,Haier QHE16HYPFS 16.8 Cu. Ft. Quad Door Refrigerator - Stainless Steel,1799.00,1619.99,Sears
Kenmore,Kenmore 60495  18.3 cu. ft. Top-Freezer Refrigerator with Glass Shelves - Fingerprint Resistant Stainless Steel Look Finish,999.99,499.88,Sears
Kenmore,Kenmore 70499  18.3 cu. ft. Top-Freezer Refrigerator with Factory Installed Ice Maker - Textured Black,969.99,449.88,Sears
GE Appliances,"GE Appliances GNE27JYMFS 36"" 27 cu.ft. Stainless Steel French Door Refrigerator",2399.99,2159.99,Sears
GE Appliances,GE Appliances GNE25JGKBB 24.8 cu. ft. French Door Refrigerator - Black,1999.99,1799.96,Sears
Frigidaire,Frigidaire FRSS2323AW 22.3 cu. ft. 33-Inch-Wide Side-by-Side Refrigerator &#8211; White,1399.99,1259.99,Sears
GE Appliances,GE Appliances GSS25GYPFS 25.3 Cu. Ft. Side-By-Side Refrigerator - Stainless Steel,1799.99,1619.99,Sears
GE Appliances,GE Appliances GWE19JYLFS ENERGY STAR&#174; 18.6 Cu. Ft. Counter-Depth French-Door Refrigerator - Stainless Steel,2099.99,1889.99,Sears
GE Appliances,GE Appliances GNE25JGKWW 24.8 cu. ft. French Door Refrigerator - White,1999.99,1799.96,Sears
Frigidaire Gallery,Frigidaire Gallery GRFG2353AF  23.3 cu. ft. Counter-Depth French Door Refrigerator &#8211; Smudge-Proof&#174; Stainless Steel,2999.99,1999.99,Sears
Frigidaire,Frigidaire FRFS2823AD  27.8 cu. ft. French Door Refrigerator &#8211; Black Stainless Steel,2799.99,1899.99,Sears
GE Appliances,GE Appliances GNE25JYKFS ENERGY STAR&#174; 24.7 Cu. Ft. French-Door Refrigerator - Stainless Steel,1899.99,1889.99,Sears
LG,LG LRFWS2906S  29.0 cu. ft. French Door Refrigerator &#8211; PrintProof&#8482; Stainless Steel,2110.99,1599.96,Sears
LG,LG LRDCS2603S   25.5 cu. ft. Bottom-Freezer Refrigerator &#8211; PrintProof&#8482; Stainless Steel,1799.99,1499.96,Sears
GE Profile Series,GE Profile Series PVD28BYNFS -36 Inch 4-Door French Door Smart Refrigerator with 27.9 Cu. Ft. Capacity,4199.99,3779.99,Sears
GE Appliances,GE Appliances GBE17HYRFS ENERGY STAR&#174; 17.7 Cu. Ft. Counter-Depth Bottom-Freezer Refrigerator - Stainless Steel,,1799.99,Sears
LG,LG LRMWS2906S  28.6 cu. ft. 4-Door French Door Refrigerator with Slim Design Water Dispenser &#8211; PrintProof&#8482; Stainless Steel,2554.99,1799.99,Sears
LG,LG LRMVS3006S  29.5 cu. ft. 4-Door InstaView&#8482; Door-in-Door&#174; Refrigerator w/ Craft Ice&#8482; &#8211; PrintProof&#8482; Stainless Steel,3799.99,2999.99,Sears
GE Cafe,GE Cafe CYE22TP3MD1 22.2 cu. ft. Counter-Depth French Door Refrigerator w/ Hot Water Dispenser Black,4099.99,3689.99,Sears
GE Appliances,GE Appliances GTS19KYNRFS GE  19.2 Cu. Ft. Top-Freezer Refrigerator - Fingerprint Resistant Stainless,1049.99,944.99,Sears
GE Appliances,"GE Appliances GTS22KGNRWW 33"" 21.9 cu.ft. White Top Freezer Refrigerator",,1099.99,Sears
Summit,"Summit 64"" wide casework suite with refrigerator, microwave, and cabinets",5981.73,3987.82,Vir Ventures
Kenmore,Kenmore 60499  18.3 cu. ft. Top-Freezer Refrigerator - Textured Black,849.99,449.88,Sears
GE Appliances,GE Appliances GFE28GYNFS ENERGY STAR 27.7cu.ft. French Door Refrigerator - Stainless Steel,3299.99,2969.96,Sears
Samsung,Samsung RF28R7351SG 28 cu. ft. 4-Door French Door Food Showcase Refrigerator - Black Stainless Steel,3699.99,3326.29,Sears
Kenmore,Kenmore 73029 26.1 cu. ft. French Door Refrigerator with Ice Maker - Black,2449.99,1499.88,Sears
GE Appliances,GE Appliances GSS25GMPES 25.3 Cu. Ft. Side-By-Side Refrigerator - Slate,,1799.99,Sears
Samsung,Samsung RS27T5200SR/AA 27.4 cu. ft. Side by Side Refrigerator - Fingerprint Resistant Stainless Steel,1666.99,1099.96,Sears
GE Appliances,GE Appliances GZS22DGJBB 21.9 cu. ft. Counter-Depth Side-by-Side Refrigerator - Black,,2599.99,Sears
Samsung,Samsung RF32CG5100SRAA 32 cu. ft. Mega Capacity 3-Door French Door Refrigerator with Dual Auto Ice Maker in Stainless Steel,,2099.99,Sears
GE Appliances,GE Appliances GDE21EGKWW 20.9 cu. ft. Single Door Bottom Freezer Refrigerator - White,1899.99,1709.96,Sears
Frigidaire,Frigidaire FRQG1721AV  17.4 cu. ft. 4 Door Refrigerator &#8211; Brushed Steel,1699.99,1199.99,Sears
Samsung,"Samsung RF30BB6200QLAA Bespoke 3-Door French Door Refrigerator (30 cu ft) w/ AutoFill Pitcher in Fingerprint Resistant Stainless Steel, Standard Depth",2899.99,1599.99,Sears
Samsung,Samsung RS27T5561SR/AA 26.7 cu. ft. Large Capacity Side-by-Side Refrigerator with Touch Screen Family Hub in Stainless Steel,2099.00,1699.00,Bluelight
GE Appliances,GE Appliances GSS25GGPBB 25.3 Cu. Ft. Side-By-Side Refrigerator - Black,,1699.99,Sears
GE Appliances,"GE Appliances PSE25KYHFS 36"" 25.3cu.ft. Side By Side Refrigerator - Stainless Steel",,2499.99,Sears
GE Appliances,"GE Appliances GTS17DTNRWW 28"" 16.6 cu.ft. White Top Freezer Refrigerator",,749.99,Sears
Frigidaire Gallery,Frigidaire Gallery GRSC2352AF  22.3 cu. ft. Counter-Depth Side-by-Side Refrigerator &#8211; Smudge-Proof&#174; Stainless Steel,1949.99,1249.99,Sears
Samsung,Samsung RF28R7351SR 28 cu. ft. 4-Door French Door Food Showcase Refrigerator - Stainless Steel,3599.99,3236.39,Sears
LG,LG LMWC23626S  22.7 cu. ft. Counter Depth French Door Refrigerator with Double Freezer &#8211; PrintProof&#8482; Stainless Steel,2499.99,1899.99,Sears
GE Appliances,"GE Appliances GFE26JYMFS 36"" 25.6 cu.ft. Stainless Steel French Door Refrigerator",,2699.99,Sears
GE Appliances,GE Appliances GNE27JGMBB 27 cu. ft. French Door Refrigerator - Black,2299.99,2069.96,Sears
GE Appliances,GE Appliances GDE21EYKFS ENERGY STAR&#174; 21.0 Cu. Ft. Bottom-Freezer Refrigerator - Stainless Steel,,1999.99,Sears
Frigidaire,Frigidaire FRSS2323AS 22.3 cu. ft. 33-Inch-Wide Side-by-Side Refrigerator &#8211; Stainless Steel,1499.99,1129.99,Sears
GE Appliances,"GE Appliances GTS22KGNRBB 33"" 21.9 cu.ft. Black Top Freezer Refrigerator",,1099.99,Sears
Samsung,"Samsung RF29BB8600QLAA Bespoke 4-Door French Door Refrigerator (29 cu ft) with Beverage Center in Fingerprint Resistant Stainless Steel, Standard Depth",3699.99,2199.99,Sears
Frigidaire Gallery,Frigidaire Gallery GRSS2652AD  25.6 cu. ft. Side-by-Side Refrigerator with Ice & Water Dispenser &#8211; Smudge-Proof&#174; Black Stainless Steel,1849.99,1279.99,Sears
Samsung,Samsung RF18A5101SG/AA 18 cu. ft. Smart Counter Depth 3-Door French Door Refrigerator in Black Stainless Steel,1619.00,1399.00,Bluelight
GE Appliances,GE Appliances GWE19JGLBB 18.6 cu. ft. Counter-Depth French Door Refrigerator - Black,1999.99,1799.96,Sears
LG,"LG LRFXS2503S  24.5 cu. ft. Smart Wi-Fi Enabled French Door Refrigerator (33"" Width) &#8211; PrintProof&#8482; Stainless Steel",2599.99,2299.96,Sears
Frigidaire,Frigidaire FRSS2623AB 25.6 cu. ft. Side-by-Side Refrigerator &#8211; Black,1399.99,1079.99,Sears
Samsung,Samsung RF32CG5400SRAA 31 cu. ft. Mega Capacity 3-Door French Door Refrigerator with Four Types of Ice in Stainless Steel,2899.99,1899.99,Sears
Samsung,"Samsung RS28A500ASR/AA 36"" 28 cu.ft. Stainless Steel Side-by-Side Refrigerator",1499.99,1099.99,Sears
Frigidaire,Frigidaire FRSS2323AD 22.3 cu. ft. 33-Inch-Wide Side-by-Side Refrigerator &#8211; Black Stainless Steel,1599.99,1109.99,Sears
Frigidaire,Frigidaire FRFS2823AS  27.8 cu. ft. French Door Refrigerator &#8211; Stainless Steel,2699.99,1799.99,Sears
LG,LG LRSDS2706S   27.1 cu. ft. Side-by-Side Door-in-Door&#174; Refrigerator w/ Craft Ice&#8482; - PrintProof&#8482; Stainless Steel,2099.99,1699.99,Sears
Frigidaire Gallery,Frigidaire Gallery GRSC2352AD  22.3 cu. ft. Counter-Depth Side-by-Side Refrigerator &#8211; Smudge-Proof&#174; Black Stainless Steel,2049.99,1349.99,Sears
Samsung,Samsung RT16A6195SR/AA 15.6 cu. ft. Top Freezer Refrigerator with All-Around Cooling in Stainless Steel,764.00,699.00,Bluelight
Samsung,Samsung RS22T5201SR/AA 22 cu. ft. Counter Depth Side-by-Side Refrigerator in Stainless Steel,1599.00,1299.00,Bluelight
Forte,Forte F21ARESSS 33 All Refrigerator with 21 cu. ft. Capacity  Quick Freeze  Temperature and Door Alarm  LED Lighting  Spillproof,1958.60,1399.00,Appliances Connection
Kenmore,Kenmore 61335  20.5 cu. ft. Top Freezer Refrigerator &#8211; Stainless Steel w/Fingerprint Resistance,1299.99,1049.99,Sears
LG,LG LMXS28596D 27.6 cu. ft. Smart French Door Refrigerator w/ InstaView &#8211; Black Stainless Steel,,3799.99,Sears
Kenmore,Kenmore 71219  21 cu. ft. Top-Freezer Refrigerator with Ice Maker - Black,1249.99,699.88,Sears
GE Appliances,GE Appliances GSS23GGPWW 23.0 Cu. Ft. Side-By-Side Refrigerator - White,,1699.99,Sears
GE Appliances,"GE Appliances GTS18GTNRBB 28"" 17.5 cu.ft. Black Top Freezer Refrigerator",,849.99,Sears
GE Appliances,"GE Appliances GTS19KGNRWW 30"" 19.2 cu.ft. White Top Freezer Refrigerator",949.99,854.96,Sears
Frigidaire,Frigidaire FFTR2045VS  20.0 cu. ft. Top Freezer Refrigerator &#8211; Stainless Steel,1049.99,699.99,Sears
Samsung,Samsung RT18M6215SR/AA 18 cu. ft. Top Freezer Refrigerator with FlexZone and Ice Maker in Stainless Steel,944.00,799.00,Bluelight
Frigidaire,Frigidaire FFTR1835VS  18.3 cu. ft. Top Freezer Refrigerator &#8211; Stainless Steel,949.99,689.99,Sears
Kenmore,Kenmore 62319  18.2 cu. ft. Top Freezer Refrigerator &#8211; Black,1149.99,899.99,Sears
GE Appliances,GE Appliances GIE18DTNRWW GE ENERGY STAR 17.5 Cu. Ft. Top-Freezer Refrigerator,959.99,863.96,Sears
Frigidaire Gallery,Frigidaire Gallery FGHT2055VF  20.0 cu. ft. Top Freezer Refrigerator &#8211; Smudge-Proof&#174; Stainless Steel,1149.99,799.99,Sears
GE Appliances,"GE Appliances GTS17GSNRSS 28"" 16.6 cu.ft. Stainless Steel Top Freezer Refrigerator",879.99,791.96,Sears
Frigidaire,Frigidaire FFTR1835VW  18.3 cu. ft. Top Freezer Refrigerator &#8211; White,849.99,649.99,Sears
GE Appliances,"GE Appliances GTE17DTNRCC 28"" 16.6 cu.ft. Bisque Top Freezer Refrigerator",799.99,719.96,Sears
Frigidaire,Frigidaire FFTR1814WW  18.3 cu. ft. Top Freezer Refrigerator &#8211; White,799.99,629.99,Sears
GE Appliances,GE Appliances GTS22KYNRFS GE 21.9 Cu.ft. Top-Freezer Refrigerator - Fingerprint Resistant Stainless,,1199.99,Sears
Frigidaire,"Frigidaire FFHT1425VW  13.9 cu. ft. Top Freezer Refrigerator with EvenTemp&#8482;, ADA Compliant &#8211; White",779.99,619.99,Sears
Frigidaire,Frigidaire FFPS4533UM  4.5 cu. ft. Compact Refrigerator - Silver Mist,,299.99,Sears
GE Appliances,"GE Appliances GTS18GTNRWW 28"" 17.5 cu.ft. White Top Freezer Refrigerator",,849.99,Sears
LG,LG LRFS28XBS  27.7 cu. ft. 3-Door French Door Refrigerator &#8211; PrintProof Stainless Steel,2399.99,1899.99,Sears
Samsung,Samsung RF27T5201SR/AA 27 cu. ft. French Door Refrigerator - Fingerprint Resistant Stainless Steel,2599.99,2339.96,Sears
GE Appliances,GE Appliances GFE24JYKFS ENERGY STAR&#174; 23.6 Cu. Ft. French-Door Refrigerator - Stainless Steel,,2799.99,Sears
Frigidaire,"Frigidaire FFET1022UB  10.1 cu. ft. Top Freezer Apartment-Size Refrigerator - 24"" width - Black",779.99,701.96,Sears
GE Appliances,"GE Appliances GIE19JSNRSS 30"" 19.2 cu.ft. Stainless Steel Top Freezer Refrigerator",1329.99,1196.96,Sears
Costway,"Costway  Refrigerator Small Freezer Cooler Fridge Compact 3.2 cu ft. Unit, Grey",344.99,229.99,factorydirectsale
Frigidaire,Frigidaire FRSS2623AW 25.6 cu. ft. Side-by-Side Refrigerator &#8211; White,1399.99,1079.99,Sears
Frigidaire Gallery,Frigidaire Gallery GRFN2853AF  28.8 cu. ft. French Door Refrigerator &#8211; Smudge-Proof&#174; Stainless Steel,2699.99,1899.99,Sears
Samsung,Samsung RF32CG5900SRAA 30 Cu. Ft. Mega Capacity 3 Door French Door Refrigerator With Family Hub In Stainless Steel,3699.99,2699.99,Sears
Frigidaire,Frigidaire FFTR1814WB  18.3 cu. ft. Top Freezer Refrigerator &#8211; Black,799.99,629.99,Sears
Frigidaire,Frigidaire FFPS3133UM  3.1 cu. ft. Compact Refrigerator - Silver Mist,264.99,237.96,Sears
Frigidaire Gallery,Frigidaire Gallery GRFS2853AD  27.8 cu. ft. French Door Refrigerator &#8211; Smudge-Proof&#174; Black Stainless Steel,2999.99,2049.99,Sears
Frigidaire,"Frigidaire FFET1022UV  10.1 cu. ft. Top Freezer Apartment-Size Refrigerator - 24"" width - Brushed Steel",829.99,746.96,Sears
BLACK+DECKER,"BLACK+DECKER 4.3 Cu. Ft. Compact Refrigerator,Black",349.99,239.99,My Home Products LLC
GE Appliances,GE Appliances GE 17.5 Cu. Ft. Top-Freezer Refrigerator - Fingerprint Resistant Stainless,,949.99,Sears
Kenmore Elite,Kenmore Elite 73315 30.6 cu. ft. Large Capacity Smart French Door Refrigerator - Fingerprint Resistant Stainless Steel,,3599.99,Sears
LG,LG LRSXS2706W  27.2 cu. ft. Side-by-Side Refrigerator w/ External Ice & Water Dispenser &#8211; Smooth White,,1665.99,Sears
Kenmore Elite,Kenmore Elite 51773  28 cu. ft. Side-by-Side Refrigerator - Stainless Steel,2599.99,1280.88,Sears
LG,LG LRSXS2706S   27.2 cu. ft. Side-by-Side Refrigerator w/ External Ice & Water Dispenser - Stainless Steel,1721.99,1299.99,Sears
Samsung,Samsung RF18A5101SR/AA 18 cu. ft. Stainless Steel Smart Counter Depth 3-Door French Door Refrigerator,1699.99,1099.99,Sears
Kenmore,Kenmore 50049 25 cu. ft. Side-by-Side Refrigerator with Ice & Water Dispenser - Black,1599.99,619.88,Sears
Frigidaire,Frigidaire FRFS2823AW  27.8 cu. ft. French Door Refrigerator &#8211; White,,2599.99,Sears
Costway,Costway STAKOL 3 cu.ft. Compact Upright Freezer w/Single Stainless Steel Door Removable Shelves,389.99,259.99,factorydirectsale
Kenmore,Kenmore 50042  25 cu. ft. Side-by-Side Refrigerator with Ice & Water Dispenser - White,1599.99,989.88,Sears
LG,LG LRMDS3006S  29.5 cu. ft. Super-Capacity 4-Door Refrigerator w/ Door-in-Door&#174; & Craft Ice&#8482; &#8211; Stainless Steel,3599.99,2899.99,Sears
LG,LG LRSXS2706V  27.2 cu. ft. Side-by-Side Refrigerator w/ External Ice & Water Dispenser &#8211; Stainless Steel Look,1665.99,1199.99,Sears
Frigidaire Gallery,Frigidaire Gallery GRFC2353AF  22.6 cu. ft. Counter-Depth French Door Refrigerator &#8211; Smudge-Proof&#174; Stainless Steel,3299.99,2049.99,Sears
Kenmore,Kenmore 71215  21 cu. ft. Top-Freezer Fridge with Ice Maker - Fingerprint-Resistant Stainless Steel,1349.99,1129.99,Sears
Kenmore,Kenmore 51752 21 ct. ft. Side-by-Side Refrigerator - White,1599.99,695.88,Sears
GE Appliances,GE Appliances GDE21EMKES 20.9 cu. ft. Bottom Freezer Refrigerator - Slate,1999.99,1799.96,Sears
GE Appliances,GE Appliances GFE28GMKES 27.8 cu. ft. French Door Refrigerator - Slate,3299.99,2969.96,Sears
GE Appliances,GE Appliances GNE25JMKES 25 cu. ft. French Door Refrigerator - Slate,2099.99,1889.96,Sears
LG,LG LRSXS2706B  27.2 cu. ft. Side-by-Side Refrigerator w/ External Ice & Water Dispenser &#8211; Smooth Black,,1721.99,Sears
Coca-Cola,Coca-Cola 4L Cooler/Warmer w/ Bluetooth Speaker 12V DC 110V AC Mini Fridge Red,109.99,97.99,Sears
LG,LG LRSXC2306S  23 cu. ft. Side-by-Side Counter-Depth Refrigerator w/ Smooth Touch Dispenser &#8211; Stainless Steel,1832.99,1399.99,Sears
Frigidaire,Frigidaire FFTR2045VW  20.0 cu. ft. Top Freezer Refrigerator &#8211; White,949.99,679.99,Sears
BLACK+DECKER,"BLACK+DECKER 3.2 Cu. Ft. Compact Refrigerator,Black",389.99,269.99,My Home Products LLC
GE Appliances,GE Appliances GBE21DYKFS ENERGY STAR&#174; 21.0 Cu. Ft. Bottom-Freezer Refrigerator - Stainless Steel,,1549.99,Sears
LG,"LG LRTLS2403S   33"" Width 23.8 cu. ft. Top Freezer Refrigerator with Internal Water Dispenser - Stainless Steel",1110.99,899.96,Sears
Frigidaire,Frigidaire FFTR2045VB  20.0 cu. ft. Top Freezer Refrigerator &#8211; Black,949.99,679.99,Sears
GE Appliances,GE Appliances GSS25GGPWW 25.3 Cu. Ft. Side-By-Side Refrigerator - White,,1699.99,Sears
Samsung,Samsung RF22A4221SR/AA 22 cu. ft. Smart 3-Door French Door Refrigerator with External Water Dispenser in Fingerprint Resistant Stainless,1979.00,1699.00,Bluelight
LG,LG LRSOS2706S  27.1 cu. ft. Side-by-Side InstaView&#174; Refrigerator with Craft Ice&#8482; &#8211; PrintProof&#8482; Stainless Steel,2099.99,1699.99,Sears
Samsung,"Samsung RF29BB860012AA Bespoke 4-Door French Door Refrigerator (29 Cu. Ft.) with Beverage Center in White Glass, Standard Depth",3699.99,2494.00,Sears
Frigidaire,Frigidaire FRSS2623AD 25.6 cu. ft. Side-by-Side Refrigerator &#8211; Black Stainless Steel,1599.99,1199.99,Sears
GE Appliances,GE Appliances GSS25GGPCC 25.3 Cu. Ft. Side-By-Side Refrigerator - Bisque,,1699.99,Sears
Kenmore,Kenmore 50045 25 cu. ft. Side-by-Side Fingerprint Resistant Refrigerator  with Ice & Water Dispenser - Stainless Steel,1799.99,711.88,Sears
GE Cafe,GE Cafe CYE22TP4MW2 22.2 cu. ft. Counter-Depth French Door Refrigerator w/ Hot Water Dispenser-White,4099.99,3689.99,Sears
GE Appliances,GE Appliances GZS22DSJSS 21.9 cu. ft. Counter-Depth Side-by-Side Refrigerator - Stainless Steel,,2699.99,Sears
Samsung,Samsung RF27T5201SG/AA 27 cu. ft. French Door Refrigerator - Black Stainless Steel,2699.99,2427.29,Sears
NewAir,NewAir Stone® Brewing 126 Can Beverage Refrigerator and Cooler with SplitShelf™ and Adjustable Shelves for Beer and Soda,,349.99,Newair
LG,LG LMXS28626D   27.8 cu. ft. Smart Wi-Fi Enabled 4-Door French Door Refrigerator - Black Stainless Steel,3199.99,2099.99,Sears
Frigidaire,Frigidaire FFHT1835VS  18.3 cu. ft. Top Freezer Refrigerator &#8211; Stainless Steel,999.99,769.96,Sears
LG,LG LRFLC2706S  27 cu.ft. Smart Counter-Depth Max French Door Refrigerator &#8211; Print Proof Stainless Steel,2499.99,1899.99,Sears
NewAir,NewAir Arrogant Bastard 125 Can Beer Froster Beverage Refrigerator with Fast Frosting Modes,,848.88,Newair
LG,LG LRMDS3006D  29.5 cu. ft. Super-Capacity 4-Door Refrigerator w/ Door-in-Door&#174; & Craft Ice&#8482; &#8211; Black Stainless Steel,3699.99,2999.99,Sears
Kenmore,Kenmore 61332  20.5 cu. ft. Top Freezer Refrigerator &#8211; White,1199.99,949.99,Sears
NewAir,"NewAir Stone® Brewing 180 Can FlipShelf™ 24"" Built-In Beverage and Beer Refrigerator",,799.99,Newair
GE Appliances,"GE Appliances GFE26JGMWW 36"" 25.6 cu.ft. White French Door Refrigerator",2599.99,2339.96,Sears
NewAir,"NewAir Shadow-Tᵀᴹ Series Wine Cooler Refrigerator, 12 Bottle Countertop Mirrored Compact Wine Cellar with Triple-Layer Tempered",,249.99,Newair
Frigidaire,Frigidaire FRFC2323AS  22.6 cu. ft. Counter-Depth French Door Refrigerator &#8211; Stainless Steel,2999.99,1949.99,Sears
GE Appliances,GE Appliances GZS22DGJWW 21.9 cu. ft. Counter Depth Side-by-Side Refrigerator - White,,2599.99,Sears
NewAir,"NewAir Stone® Brewing Live Buena Beverage Refrigerator and Cooler, 60 Can Buenaveza Lager Mini Fridge with Glass Door",,299.00,Newair
LG,LG LFC22770ST 21.8 cu. ft. French Door Bottom-Freezer Refrigerator - Stainless Steel,,2099.99,Sears
GE Appliances,GE Appliances GDE21ESKSS 20.9 cu. ft. Bottom Freezer Refrigerator - Stainless Steel,,1799.99,Sears
LG,LG LRMVC2306D  22.5 cu. ft. Counter Depth 4-Door InstaView&#8482; Door-in-Door&#174; Refrigerator w/ Craft Ice&#8482; &#8211; PrintProof&#8482; Black Stainless,3899.99,3099.99,Sears
Frigidaire,Frigidaire FFTR2045VD  20.0 cu. ft. Top Freezer Refrigerator &#8211; Black Stainless Steel,1149.99,699.99,Sears
NewAir,"NewAir Shadow-Tᵀᴹ Series Wine Cooler Refrigerator, 8 Bottle Countertop Mirrored Compact Wine Cellar with Triple-Layer Tempered ",,229.99,Newair
NewAir,"NewAir 60 Can Beverage Fridge with Glass Door, Small Freestanding Mini Fridge",277.78,199.99,Newair
Kenmore,Kenmore 62315  18.2 cu. ft. Top Freezer Refrigerator &#8211; Stainless Steel w/Fingerprint Resistance,1249.99,999.99,Sears
Frigidaire,"Frigidaire FFHT1425VV  13.9 cu. ft. Top Freezer Refrigerator with EvenTemp&#8482;, ADA Compliant &#8211; Stainless Steel",829.99,619.99,Sears
Frigidaire,"Frigidaire FFTR1425VW  13.9 cu. ft. Top Freezer Refrigerator with EvenTemp&#8482;, ADA Compliant &#8211; White",729.99,589.99,Sears
Frigidaire,Frigidaire FFTR1835VB  18.3 cu. ft. Top Freezer Refrigerator &#8211; Black,849.99,649.99,Sears
LG,LG LRMDC2306S  22.5 cu. ft. Counter Depth 4-Door Refrigerator w/ Door-in-Door&#174; & Craft Ice&#8482; &#8211; Stainless Steel,3599.99,2899.99,Sears
Frigidaire Gallery,Frigidaire Gallery GRFC2353AD  22.6 cu. ft. Counter-Depth French Door Refrigerator &#8211; Smudge-Proof&#174; Black Stainless Steel,3399.99,2149.99,Sears
Haier,Haier HRB15N3BGS 15 cu. ft. Bottom-Freezer Refrigerator - Stainless Steel,1399.99,1259.96,Sears
LG,LG LRSOS2706D  27.1 cu. ft. Side-by-Side InstaView&#174; Refrigerator with Craft Ice&#8482; &#8211; PrintProof&#8482; Black Stainless Steel,2199.99,1699.99,Sears
GE Profile Series,GE Profile Series PYE22KBLTS ENERGY STAR&#174; 22.2 cu. ft. Counter-Depth French Door Refrigerator - Black Stainless Steel,3799.99,3419.99,Sears
GE Appliances,GE Appliances GZS22IYNFS 21.8 cu. ft. Side-By-Side Refrigerator - Stainless Steel,,2099.99,Sears
Kenmore,Kenmore 61205  21 cu. ft. Top-Freezer Refrigerator - Stainless Steel,1199.99,929.99,Sears
GE Appliances,GE Appliances GSS23GGPBB 23.0 Cu. Ft. Side-By-Side Refrigerator - Black,,1699.99,Sears
LG,LG LRSOC2306D  23.0 cu. ft. Counter Depth Side-by-Side InstaView&#174; Refrigerator with Craft Ice&#8482; &#8211; Black Stainless Steel,,2443.99,Sears
Samsung,Samsung RF22A4121SR/AA 22 cu. ft. Smart 3-Door French Door Refrigerator in Stainless Steel,1799.00,1499.00,Bluelight
Frigidaire,Frigidaire FRSS2323AB 22.3 cu. ft. 33-Inch-Wide Side-by-Side Refrigerator &#8211; Black,1399.99,1259.99,Sears
GE Appliances,GE Appliances GNE27JMMES 27 cu. ft. French Door Refrigerator - Slate,2399.99,2159.96,Sears
GE Appliances,GE Appliances GNE27JGMWW 27 cu. ft. French Door Refrigerator - White,2299.99,2069.96,Sears
Samsung,"Samsung RF28T5001SR/AA 36"" 28 cu.ft. Stainless Steel  French Door Refrigerator",2199.99,1979.96,Sears
LG,LG LBNC15231V 14.7 cu. ft. Bottom Freezer Refrigerator &#8211; Platinum Silver,,1299.99,Sears
Kenmore,"Kenmore 71335  20.4 cu. ft. Top Freezer Refrigerator w/ Icemaker, 33"" Wide &#8211; Stainless Steel w/Fingerprint Resistance",1399.99,1149.99,Sears
GE Appliances,GE Appliances GWE19JGLWW ENERGY STAR&#174; 18.6 Cu. Ft. Counter-Depth French-Door Refrigerator-White,1999.99,1799.96,Sears
LG,LG LFXS26596D 26.1 cu. ft. Smart French Door Refrigerator w/ InstaView &#8211; Black Stainless,,3499.99,Sears
Kenmore,Kenmore 62312  18.2 cu. ft. Top Freezer Refrigerator &#8211; White,1149.99,899.99,Sears
Frigidaire,FRIGIDAIRE FPRU19F8WF Frigidaire Professional 19 Cu. Ft. Single-Door Refrigerator,4198.60,2999.00,Tanner Appliance
GE Cafe,GE Cafe CWE23SP4MW2 23.1 cu. ft. Counter-Depth French-Door Refrigerator - Matte White,3799.99,3419.99,Sears
GE Appliances,GE Appliances GFE28GELDS 27.8 cu. ft. French Door Refrigerator - Black Slate,3399.99,3059.96,Sears
GE Appliances,GE Appliances GSE25GGPBB ENERGY STAR&#174; 25.3 Cu. Ft. Side-By-Side Refrigerator - Black,,1799.99,Sears
GE Appliances,GE Appliances GSS23GYPFS 23.0 Cu. Ft. Side-By-Side Refrigerator - Stainless Steel,,1799.99,Sears
GE Appliances,"GE Appliances GTS17DTNRBB 28"" 16.6 cu.ft. Black Top Freezer Refrigerator",,749.99,Sears
GE Appliances,GE Appliances GDE25EYKFS ENERGY STAR&#174; 24.8 Cu. Ft. Bottom-Freezer Drawer Refrigerator - Stainless Steel,,2099.99,Sears
GE Appliances,GE Appliances GDE21EGKBB 20.9 cu. ft. Bottom Freezer Refrigerator - Black,,1899.99,Sears
Samsung,Samsung RS23A500ASR/AA 23 cu. ft. Smart Counter Depth Side-by-Side Refrigerator in Stainless Steel,1449.00,1199.00,Bluelight
GE Appliances,GE Appliances GWE19JMLES 18.6 cu. ft. Counter-Depth French Door Refrigerator - Slate,2099.99,1889.96,Sears
Kenmore,"Kenmore 71332  20.4 cu. ft. Top Freezer Refrigerator w/ Icemaker, 33"" Wide &#8211; White",1299.99,1049.99,Sears
LG,LG LRONC0705V  6.9 cu. ft. Single Door Refrigerator w/ Freezer Compartment &#8211; Platinum Silver,,549.99,Sears
GE Appliances,GE Appliances GSS25IYNFS 25.1 cu. ft. Side-By-Side Refrigerator - Stainless Steel,,1999.99,Sears
Samsung,Samsung RS22T5561SR/AA 22 cu. ft. Counter Depth Side-by-Side Refrigerator with Touch Screen Family Hub in Stainless Steel,2199.00,1799.00,Bluelight
GE Appliances,GE Appliances GSE23GYPFS GE&#174; ENERGY STAR&#174; 23.0 Cu. Ft. Side-By-Side Refrigerator - Stainless Steel,,1899.99,Sears
Kenmore,Kenmore 61339  20.5 cu. ft. Top Freezer Refrigerator &#8211; Black,,1199.99,Sears
Samsung,Samsung RF29A9671SG/AA 29 cu. ft. Smart 4-Door Flex Refrigerator with Beverage Center and Dual Ice Maker in Black Stainless Steel,3509.00,2579.99,Bluelight
GE Appliances,"GE Appliances GFE26JGMBB 36"" 25.6 cu.ft. Black French Door Refrigerator",,2599.99,Sears
Samsung,Samsung RZ11M7074SA/AA 11.4 cu. ft. Capacity Convertible Upright Freezer in Stainless Look,809.00,749.00,Bluelight
LG,LG LRFWS2906D  29.0 cu. ft. French Door Refrigerator &#8211; PrintProof&#8482; Black Stainless Steel,2221.99,1699.99,Sears
Frigidaire,Frigidaire FFHT2045VW  20.0 cu. ft. Top Freezer Refrigerator &#8211; White,999.99,749.96,Sears
Frigidaire,Frigidaire FFET1222UB  11.6 cu. ft. Top Freezer Apartment-Size Refrigerator - 24&#8221; width - Black,829.99,746.96,Sears
GE Appliances,GE Appliances GZS22DMJES 21.9 cu. ft. Counter Depth Side-by-Side Refrigerator - Slate,,2699.99,Sears
LG,LG LRFGC2706S  26.5 cu. ft. Smart InstaView Counter - Depth Max Refrigerator &#8211; Stainless Steel,,2899.99,Sears
GE Appliances,GE Appliances GSS23GMPES 23.0 Cu. Ft. Side-By-Side Refrigerator - Slate,,1799.99,Sears
GE Appliances,GE Appliances GYE18JYLFS ENERGY STAR&#174; 17.5 Cu. Ft. Counter-Depth French-Door Refrigerator - Stainless Steel,,2799.99,Sears
LG,"LG LRFXS2503D  24.5 cu. ft. French Door Refrigerator, 33"" Wide w/Dispenser &#8211; Black Stainless Steel",2699.99,2399.96,Sears
Frigidaire,Frigidaire FFET1222UW  11.6 cu. ft. Top Freezer Apartment-Size Refrigerator - 24&#8221; width - White,829.99,746.96,Sears
GE Appliances,GE Appliances PSB42YSNSS 42&#8221; Built-in 24.3 cu.ft. Side-by-Side Refrigerator &#8211; Stainless Steel,,9929.99,Sears
LG,LG LRBNC1104S  11 cu. ft. 23.42&#8221;-wide Bottom-Freezer Refrigerator with Door Cooling+ &#8211; PrintProof&#8482; Stainless Steel,,1499.99,Sears
GE Profile Series,"GE Profile Series PWE23KYNFS 36"" 23.1 cu.ft. Stainless Steel French Door Refrigerator",3299.99,2969.99,Sears
LG,LG LRMVS2806D  27.6 cu. ft. InstaView&#174; Door-in-Door&#174; Double Freezer Refrigerator with Craft Ice&#8482; &#8211; PrintProof&#8482; Black Stainless Steel,,3999.99,Sears
LG,LG LMXS28596S 27.6 cu. ft. Smart French Door Refrigerator w/ InstaView - Stainless Steel,,3699.99,Sears
LG,LG LRMVC2306S  22.5 cu. ft. Counter Depth 4-Door InstaView&#8482; Door-in-Door&#174; Refrigerator w/ Craft Ice&#8482; &#8211; PrintProof&#8482; Stainless Steel,3799.99,3099.99,Sears
GE Appliances,GE Appliances GYE18JMLES ENERGY STAR&#174; 17.5 Cu. Ft. Counter-Depth French Door Refrigerator - Slate,,2799.99,Sears
Samsung,Samsung RF31CG7400SRAA 30 cu. ft. Mega Capacity 4-Door French Door Refrigerator with Four Types of Ice in Stainless Steel,3099.99,1899.99,Sears
GE Appliances,GE Appliances GNE21FYKFS ENERGY STAR&#174; 20.8 Cu. Ft. French-Door Refrigerator - Stainless Steel,,1999.99,Sears
Kenmore,"Kenmore 71339  20.4 cu. ft. Top Freezer Refrigerator w/ Icemaker, 33"" Wide &#8211; Black",1299.99,1049.99,Sears
GE Appliances,GE Appliances GTS18HGNRWW GE 17.5 Cu. Ft. Top-Freezer Refrigerator - White,,899.00,Sears
Frigidaire,"Frigidaire FFHT1425VB  13.9 cu. ft. Top Freezer Refrigerator with EvenTemp&#8482;, ADA Compliant &#8211; Black",779.99,619.99,Sears
LG,LG LFXS26973D 26.2 cu. ft. Smart Wi-Fi Enabled 3-Door French Door Refrigerator - Black SS,,2899.99,Sears
GE Appliances,GE Appliances GDE03GLKLB Double-Door Compact Refrigerator,,409.99,Sears
LG,LG LRMXS2806S  27.8 cu. ft. 4-Door French Door Refrigerator with Craft Ice&#8482; - Stainless Steel,,3299.99,Sears
LG,LG LRBCC1204S  12 cu. ft. 23.5&#8221;-wide Counter-Depth Bottom-Freezer Refrigerator &#8211; PrintProof&#8482; Stainless Steel,,1999.99,Sears
GE Appliances,GE Appliances GSE25GYPFS ENERGY STAR&#174; 25.3 Cu. Ft. Side-By-Side Refrigerator - Stainless Steel,,1899.99,Sears
Kenmore Elite,Kenmore Elite 73332 29.6 cu. ft. 4-Door Smart French Door Refrigerator - White,,3599.99,Sears
Kenmore Elite,Kenmore Elite 73335 29.6 cu. ft. 4-Door Smart French Door Refrigerator - Fingerprint Resistant Stainless Steel,,3599.99,Sears
LG,LG LRSXC2306V  23 cu. ft. Side-by-Side Counter-Depth Refrigerator w/ Smooth Touch Dispenser &#8211; Stainless Steel Look,,1832.99,Sears
GE Appliances,GE Appliances GDE03GGKBB Double-Door Compact Refrigerator,,389.99,Sears
Samsung,Samsung RS27T5200SG/AA 27.4 cu. ft. Large Capacity Side-by-Side Refrigerator in Black Stainless Steel,1599.00,1299.00,Bluelight
GE Cafe,GE Cafe CFE28TP4MW2 27.8 cu. ft. French Door Refrigerator with Hot Water Dispenser - White,3899.99,3509.99,Sears
GE Profile Series,GE Profile Series PWE23KELDS 23.1 Cu. Ft. Counter-Depth French-Door Refrigerator - Black Slate,,3399.99,Sears
GE Appliances,"GE Appliances GTS19KMNRES 30"" 19.2 cu.ft. Slate Top Freezer Refrigerator",1049.99,944.96,Sears
GE Appliances,"GE Appliances PFE28KYNFS 36"" 27.7 cu.ft. Stainless Steel French Door Refrigerator",3499.99,3149.96,Sears
GE Appliances,"GE Appliances GLE12HSPSS 24"" 11.9 cu.ft. Stainless Steel Built-In Bottom Freezer",,1949.99,Sears
LG,LG LRMXC2206S  22.0 cu.ft. Smart Wi-Fi Enabled Counter Depth Double Freezer Refrigerator &#8211; PrintProof&#8482; Stainless Steel,,3399.99,Sears
GE Cafe,GE Cafe CFE28TP3MD1 27.8 cu. ft. French Door Refrigerator with Hot Water Dispenser - Matte Black,,3899.99,Sears
GE Appliances,GE Appliances GSE25GGPWW ENERGY STAR&#174; 25.3 Cu. Ft. Side-By-Side Refrigerator - White,,1799.99,Sears
GE Appliances,GE Appliances GCE06GSHSB Compact Refrigerator,,609.99,Sears
GE Appliances,"GE Appliances GIE18GSNRSS 28"" 17.5 cu.ft. Stainless Steel Top Freezer Refrigerator",,1079.99,Sears
LG,LG LMXC22626S 22.0 cu.ft. Smart Wi-Fi Enabled Counter Depth Double Freezer Refrigerator &#8211; PrintProof&#8482; Stainless Steel,,3199.99,Sears
GE Appliances,GE Appliances GFE26JEMDS 25.5 cu. ft. French Door Refrigerator - Black Slate,2799.99,2519.96,Sears
GE Cafe,GE Cafe CWE23SP3MD1 23.1 cu. ft. Counter-Depth French-Door Refrigerator - Matte Black,3799.99,3419.99,Sears
LG,LG LFXS28968S   27.9 cu. ft. Smart Wi-Fi Enabled French Door Refrigerator - Stainless Steel,,2999.99,Sears
Frigidaire,"Frigidaire FFET1022UW  10.1 cu. ft. Top Freezer Apartment-Size Refrigerator - 24"" width - White",779.99,701.96,Sears
Kenmore,Kenmore 72315  18.1 cu. ft. Top Freezer Refrigerator with Icemaker &#8211; Stainless Steel w/Fingerprint Resistance,1379.99,1099.99,Sears
GE Appliances,GE Appliances GME04GGKBB Compact Refrigerator,,379.99,Sears
Hotpoint,Hotpoint HME03GGMBB 2.7 cu. ft. Compact Refrigerator with ENERGY STAR&reg; Certified - Black,,249.99,Sears
Haier,"Haier HC27SF22RB 2.7 Cubic Feet Refrigerator/Freezer, Black",261.72,198.37,eBuzz
GE Appliances,"GE Appliances GTS18GSNRSS 28"" 17.5 cu.ft. Stainless Steel Top Freezer Refrigerator",,899.99,Sears
LG,LG LMWS27626S   26.9 cu. ft. Ultra-Capacity 4-Door French Door Refrigerator - PrintProof&#8482; Stainless Steel,2399.99,1599.99,Sears
Danby,Danby DUFM085A4BSLDD 24 Energy Star Designer Series Freestanding Upright Freezer with 8.5 cu. ft. Capacity in Stainless Steel,1147.99,819.99,Appliances Connection
Samsung,Samsung RF28R7201SR 28 cu. ft. 4-Door French Door Refrigerator with FlexZone(TM) Drawer in Stainless Steel,,2772.34,Tanner Appliance
GE Profile Series,GE Profile Series PYE22KMKES 22.2 cu. ft. French Door Bottom-Freezer Refrigerator - Slate,,3699.99,Sears
GE Appliances,"GE Appliances PFD28KYNFS 36"" 27.7 cu.ft. Stainless Steel French Door Refrigerator",3799.99,3419.96,Sears
LG,LG LFXS26596S  26 cu. ft. Smart Wi-Fi Enabled French Door InstaView&#8482; Refrigerator - SS,,3399.99,Sears
GE Appliances,GE Appliances GZS22IMNES 21.8 cu. ft. Side-By-Side Refrigerator - Slate,,2099.99,Sears
GE Appliances,GE Appliances GSE23GGPWW ENERGY STAR 23.0 Cu. Ft. Side-By-Side Refrigerator - White,,1799.99,Sears
Hotpoint,Hotpoint HPS16BTNRWW  15.6 Cu. Ft. Top-Freezer Refrigerator - White,,659.99,Sears
LG,LG LRMVS2806S  27.6 cu. ft. InstaView&#174; Door-in-Door&#174; Double Freezer Refrigerator with Craft Ice&#8482; &#8211; PrintProof&#8482; Stainless Steel,,3899.99,Sears
GE Appliances,"GE Appliances GTS22KMNRDS 33"" 21.9 cu.ft. Black Slate Top Freezer Refrigerator",,1199.99,Sears
Frigidaire,Frigidaire FFPE3322UM  3.3 cu. ft. Compact Refrigerator - Silver Mist,,209.99,Sears
LG,LG LFXS28596S 27.5 cu. ft. Smart Wi-Fi Enabled 3-Door French Door InstaView&#8482; Refrigerator - SS,,3349.97,Sears
Kenmore,Kenmore 72312  18.1 cu. ft. Top Freezer Refrigerator with Icemaker &#8211; White,1249.99,999.99,Sears
Frigidaire,Frigidaire FFET1222UV  11.6 cu. ft. Top Freezer Apartment-Size Refrigerator - 24&#8221; width - Brushed Steel,899.99,809.96,Sears
GE Profile Series,GE Profile Series PYE22KELDS 22.2 cu. ft. French Door Refrigerator with Hands-Free AutoFill - Black Slate,,3799.99,Sears
GE Appliances,GE Appliances PZS22MYKFS Profile 21.9cu.ft. Counter Depth Side By Side Refrigerator,,3399.99,Sears
GE Appliances,GE Appliances GFE26JMMES 25.5 cu. ft. French Door Refrigerator - Slate,2699.99,2429.96,Sears
GE Appliances,"GE Appliances GTS22KMNRES 33"" 21.9 cu.ft. Slate Top Freezer Refrigerator",,1199.99,Sears
GE Appliances,"GE Appliances GTS19KGNRBB 30"" 19.2 cu.ft. Black Top Freezer Refrigerator",949.99,854.96,Sears
Frigidaire,Frigidaire FFHT1835VW  18.3 cu. ft. Top Freezer Refrigerator &#8211; White,899.99,719.96,Sears
GE Appliances,"GE Appliances GTE17DTNRWW 28"" 16.6 cu.ft. White Top Freezer Refrigerator",799.99,719.96,Sears
GE Appliances,"GE Appliances GYE22GENDS 36"" 22.1 cu.ft. Black Slate French Door Refrigerator",3599.99,3239.96,Sears
Hotpoint,Hotpoint HPS18BTNRWW  17.5 Cu. Ft. Top-Freezer Refrigerator - White,,679.99,Sears
LG,LG LRFXC2416D  23.5 cu. ft. French Door Counter Depth Refrigerator w/ Craft Ice&#8482; &#8211; PrintProof&#8482; Black Stainless,,3899.99,Sears
Samsung,Samsung RF32CG5400MTAA 31 cu. ft. Mega Capacity 3-Door French Door Refrigerator with Four Types of Ice - Matte Black Steel,2999.99,2199.99,Sears
Frigidaire,"Frigidaire Deals Grsc2352Af 36 Freestanding Counter Depth Side By Side Refrigerator With 222 Cu Ft Capacity, 3 Glass Shelves, Ice Maker, Automati",2912.48,1747.49,Ami Ventures Inc
Summit,Summit SCR7012DB 36 Commercially Listed Beverage Center with 7.4 cu. ft. Capacity  2 Factory Installed Lock  Interior Lights  Au,2253.99,1609.99,Appliances Connection
Samsung,Samsung RF28R6201SR/AA 28 cu. ft. French Door Refrigerator with CoolSelect Pantry - Stainless Steel,,2899.99,Sears
Danby,Danby DAR110A1WDD 24 Compact Refrigerator with 11.0 cu. ft. (311 L) Capacity in White,1385.99,989.99,Appliances Connection
LG,LG LFCC23596S  22.6 cu. ft. Counter Depth French Door InstaView&#8482; Door-in-Door&#174; Refrigerator &#8211; PrintProof&#8482; Stainless Steel,,2899.99,Sears
LG,LG LRSDS2706D   27.1 cu. ft. Side-by-Side Door-in-Door&#174; Refrigerator w/ Craft Ice&#8482; - PrintProof&#8482; Black Stainless Steel,,2332.99,Sears
GE Appliances,"GE Appliances GTS17GTNRWW 28"" 16.6 cu.ft. White Top Freezer Refrigerator",779.99,701.96,Sears
GE Profile Series,GE Profile Series PFE28KBLTS ENERGY STAR&#174; 27.8 cu. ft. French Door Refrigerator - Black Stainless Steel,3599.99,3239.99,Sears
GE Appliances,"GE Appliances GYE22GYNFS 36"" 22.1 cu.ft. Stainless Steel French Door Refrigerator",3499.99,3149.96,Sears
GE Appliances,GE Appliances GSE23GGPBB GE&#174; ENERGY STAR&#174; 23.0 Cu. Ft. Side-By-Side Refrigerator - Black,,1799.99,Sears
Samsung,"Samsung 36"" BESPOKE Counter-Depth 4 Door French Door Refrigerator with Beverage Center",,3399.99,Bluelight
Summit,"Summit FFRF3075WSS 30"""" Side-by-Side Compact Refrigerator and Freezer with 5.4 cu. ft. Capacity  LED Lighting  Frost Free Operation  Hi",3429.99,2449.99,Appliances Connection
Koolatron,"Koolatron 4L Retro Portable Mini Fridge 12V DC 110V AC Cooler, Aqua",69.99,59.88,Sears
LG,LG LFXC22596S 21.9 cu. ft. Smart Door-in-Door Refrigerator w/ InstaView - Stainless,,3499.99,Sears
GE Appliances,"GE Appliances GWE23GYNFS 36"" 23.1 cu.ft. Stainless Steel French Door Refrigerator",2999.99,2699.96,Sears
GE Appliances,"GE Appliances GIE18GCNRSA 28"" 17.5 cu.ft. Silver Top Freezer Refrigerator",,1049.99,Sears
Frigidaire,Frigidaire EFR840 3.2 Cu Ft 2 Door Retro Mini Fridge Refrigerator with Freezer,399.00,345.25,eBuzz
GE Appliances,"GE Appliances PYE22KYNFS 36"" 22.1 cu.ft. Stainless Steel  French Door Refrigerator",3699.99,3329.96,Sears
GE Appliances,"GE Appliances GIE18DTNRBB 28"" 17.5 cu.ft. Black Top Freezer Refrigerator",959.99,863.96,Sears
GE Profile Series,"GE Profile Series PYD22KYNFS 36"" 22.1 cu.ft. Stainless Steel French Door Refrigerator",3999.99,3599.99,Sears
LG,LG LRFCS2503S  25.1 cu. ft. 33&#8221;-Wide French Door Refrigerator &#8211; PrintProof&#8482; Stainless Steel,,2199.99,Sears
GE Appliances,"GE Appliances GTE18GSNRSS 28"" 17.5 cu.ft. Stainless Steel Top Freezer Refrigerator",999.99,899.96,Sears
Frigidaire,Frigidaire FFHT2045VB  20.0 cu. ft. Top Freezer Refrigerator &#8211; Black,999.99,749.96,Sears
Frigidaire Gallery,Frigidaire Gallery FGWC5233TS  52-Bottle Wine Cooler,,729.99,Sears
LG,LG LRFXC2416S  23.5 cu. ft. French Door Counter Depth Refrigerator w/ Craft Ice&#8482; &#8211; PrintProof&#8482; Stainless Steel,,3799.99,Sears
Frigidaire Gallery,Frigidaire Gallery FGHT2055VD  20.0 cu. ft. Top Freezer Refrigerator &#8211; Smudge-Proof&#174; Black Stainless Steel,1249.99,849.99,Sears
Haier,Haier HA10TG21SS 9.8 Cu. Ft. Top Freezer Refrigerator,,729.99,Sears
Coors,"Coors Light Retro Ice Chest Cooler with Bottle Opener 13L (14 qt), White and Silver",119.99,107.99,Sears
Samsung,"Samsung RF23BB8200QLAA Bespoke 4-Door French Door Refrigerator (23 cu ft) w/AutoFill Pitcher in Fingerprint Resistant Stainless Steel, Counter Depth",,3399.99,Sears
Kenmore,Kenmore 72319  18.1 cu. ft. Top Freezer Refrigerator with Icemaker &#8211; Black,,1249.99,Sears
GE Appliances,GE Appliances GME04GLKLB Compact Refrigerator,,399.99,Sears
Haier,Haier 1.7 Cu. Ft. Compact Refrigerator with Half-Width Freezer Compartment,186.57,127.52,eBuzz
Coca-Cola,Coca-Cola Love 1971 Series 4L Cooler/Warmer 12V DC 110V AC Mini Fridge,89.99,79.99,Sears
Arctic King,"Arctic King 3.2 Cu Ft Two Door Mini Fridge with Freezer, Black",399.00,288.49,eBuzz
Summit,Summit SCRR492 56 Reach-In Refrigerator  in Stainless Steel,7168.00,5120.00,Appliances Connection
Frigidaire,"Frigidaire Gallery 22.3 Cu. Ft. 33"" Standard Depth Side by Side Refrigerator",,1999.00,Howard's
Equator Advanced Appliances,Equator Advanced Appliances 24 in. 11 cu. ft. Classic Retro Single Door Refrigerator in Cream,1999.99,1509.00,Equator Advanced Appliances
Galanz,"Galanz GLR18FS5S16 33"" French Door Refrigerator with 18 cu. ft. Total Capacity; Electronic Temperature Control; Crisper Drawer w",1833.99,1309.99,Appliances Connection
GE Appliances,GE Appliances GSS23GGPCC 23.0 Cu. Ft. Side-By-Side Refrigerator - Bisque,,1699.99,Sears
Frigidaire,Frigidaire FFHT2045VS  20.0 cu. ft. Top Freezer Refrigerator &#8211; Stainless Steel,1099.99,779.99,Sears
Samsung,Samsung RQ48T94B277/AA 17.3 cu. ft. Smart Kimchi & Specialty 4-Door French Door Refrigerator in White-Navy Glass,2969.00,2399.00,Bluelight
Impecca,Impecca RF-4191WW 33 4 Door French Door Refrigerator 18.9 cu. ft. in White,1763.99,1259.99,Appliances Connection
Frigidaire,Frigidaire FRFN2823AS  28.8 cu. ft. French Door Refrigerator &#8211; Stainless Steel,2399.99,1399.99,Sears
Haier,Haier HA10TG21SW 9.8 Cu. Ft. Top Freezer Refrigerator,,679.99,Sears
Koolatron,"Koolatron Stainless Steel Compact Fridge with Freezer, 4.4 cu ft (124L)",429.99,399.99,Sears
Samsung,Samsung RF28T5F01SG 28 cu. ft. 3-Door French Door Refrigerator with Family Hub(TM) in Black Stainless Steel,,3099.00,Tanner Appliance
LG,LG LRFDC2406S  23.5 cu. ft. Counter Depth Door-in-Door&#174; Refrigerator with Craft Ice&#8482; &#8211; PrintProof&#8482; Stainless Steel,,4199.99,Sears
GE Appliances,"GE Appliances GIE17GSNRSS 28"" 16.6. cu.ft. Stainless Steel Top Freezer Refrigerator",1009.99,908.96,Sears
Frigidaire,FRIGIDAIRE FRSC2333AS Frigidaire 22.3 Cu. Ft. 36'' Counter Depth Side by Side Refrigerator,,1578.06,Tanner Appliance
Costway,Costway 2 Doors 3.4 cu ft. Unit Compact Mini Refrigerator Freezer Cooler,419.99,279.99,factorydirectsale
Coca-Cola,Coca-Cola Vending Machine Mini Fridge 12V DC 110V AC 10 Can Cooler,239.99,219.99,Sears
Frigidaire,"Frigidaire 1.6 Cu Ft Eraser Board Mini Fridge, Black",198.80,146.91,eBuzz
Coca-Cola,Coca-Cola Heritage 12 Can Portable Cooler/Warmer AC/DC 7.9L,119.99,104.99,Sears
Samsung,"Samsung RF30BB6900AWAA Bespoke 3-Door French Door Refrigerator (30 cu. ft.) &#8211; with Family Hub&#8482; Panel in White Glass, Standard Depth - PANEL READY",,3824.99,Sears
GE Appliances,GE Appliances GPV10FGNBB 9.8cu.ft. 12V DC Top Freezer Refrigerator - Black,,1249.99,Sears
Hotpoint,Hotpoint HME02GGMBB 1.7 cu. ft. Compact Refrigerator with ENERGY STAR&reg; Certified - Black,,219.99,Sears
Galanz,Galanz GLR16FS2K16 29 French Door Refrigerator 16 cu.. ft. Total in Stainless Steel,2099.99,1499.99,Appliances Connection
Coca-Cola,"Coca-Cola Retro Ice Chest Style Electric Cooler, 12V DC 110V AC 6 Can Mini Fridge",89.99,77.99,Sears
Samsung,"Samsung RF23BB8900ACAA Bespoke 4-Door French Door Refrigerator (23 cu. ft.) &#8211; with Family Hub&#8482; Panel in Charcoal Glass, Counter Depth - PANEL READY",,4199.99,Sears
GE Appliances,"GE Appliances GTE18GTNRWW 28"" 17.5 cu.ft. White Top Freezer Refrigerator",949.99,854.96,Sears
Samsung,Samsung RF20A5101WW/AA 19.5 cu. ft. Smart 3-Door French Door Refrigerator in White,,1529.00,Bluelight
Danby,"Danby Designer Dar044A4Bdd-6 4.4 Cu.Ft. Mini Fridge, Compact Refrigerator For Bedroom, Living Room, Bar, Dorm, Kitchen, Office,",608.32,364.99,FastMedia
Costway,Costway STAKOL 1.1 cu.ft. Compact Single Door Mini Upright Freezer,254.99,169.99,factorydirectsale
Koolatron,"Koolatron Portable Iceless 12V Cooler Bag, 24L (26 qt), Black/Gray",119.99,109.99,Sears
Samsung,Samsung RF30BB6600QLAA Bespoke 3-Door French Door Refrigerator (30 cu. ft.) with Beverage Center&#8482; in Stainless Steel,4099.99,3685.89,Sears
GE Appliances,"GE Appliances GTE18GMNRES 28"" 17.5 cu.ft. Slate Top Freezer Refrigerator",999.99,899.96,Sears
GE Appliances,"GE Appliances GTS18DTNRBB 28"" 17.5 cu.ft. Black Top Freezer Refrigerator",849.99,764.96,Sears
CAFE,"Cafe Cwe19Sp3Nd1 186 Cu Ft French Door Refrigerator In Matte Black, Fingerprint Resistant, Counter Depth And Energy Star",4895.83,2937.50,Ami Ventures Inc
Samsung,Samsung RF28T5001SR 28 cu. ft. Large Capacity 3-Door French Door Refrigerator in Stainless Steel,,2199.00,Tanner Appliance
Samsung,Samsung RF18A5101WW/AA 18 cu. ft. White Smart Counter Depth 3-Door French Door Refrigerator,,1599.99,Sears
GE Appliances,"GE Appliances GPE12FSKSB 24"" 11.6 cu.ft. Stainless Steel Top Mount Refrigerator",1199.99,1079.96,Sears
Samsung,Samsung RT18M6215SR/AA 18 cu. ft. Top-Freezer Refrigerator with FlexZone&#8482; - Stainless Steel,1049.99,942.89,Sears
GE Appliances,"GE Appliances GTE18DTNRWW 28"" 17.5 cu.ft. White Top Freezer Refrigerator",,879.99,Sears
Kenmore,Kenmore 51339  25 cu. ft. Side-by-Side Refrigerator with SpaceSaver&#8482; Ice System - Black,1899.99,742.88,Sears
LG,"LG LTCS20020S  30"" Width 20 cu. ft. Top Freezer Refrigerator &#8211; Stainless Steel",888.99,699.99,Sears
CAFE,"CAFE CWE19SP4NW2 33 Inch, 18.6 Cu. Ft. Freestanding Counter Depth French Door Smart Refrigerator with Ice Maker",,2615.67,Tanner Appliance
Forno,Forno FFFFD1907-33SB 33 Stainless Steel 4-Door French Door Refrigerator 18.88 cu. ft.,3162.60,2259.00,Appliances Connection
Forte,"Forte F12Bfres450Rbl 24Inch 450 Series Bottom Freezer Retro Refrigerator With 1165 Cu Ft Capacity, Adjustable Glass Shelves, Cri",2083.23,1249.94,Ami Ventures Inc
Koolatron,"Koolatron Compact Upright Freezer, 3.1 cu ft (88L) White Manual Defrost",399.99,369.99,Sears
Miller,"Miller Lite Retro Ice Chest Cooler with Bottle Opener 13L (14 qt), White and Blue",119.99,107.99,Sears
Koolatron,"Koolatron Portable Iceless 12V Cooler/Warmer, 9L (9.8 qt), Gray",109.99,99.99,Sears
Koolatron,"Koolatron 4L Retro Portable Mini Fridge 12V DC 110V AC Cooler, Black",69.99,59.88,Sears
GE Appliances,"GE Appliances GWE23GMNES 36"" 23.1 cu.ft. Slate Stainless Steel French Door Refrigerator",,2999.99,Sears
GE Appliances,GE Appliances GSS25IMNES 25.1 cu. ft. Side-By-Side Refrigerator - Slate,,1999.99,Sears
GE Appliances,"GE Appliances GTE16DTNRWW 28"" 15.6 cu.ft. White Top Freezer Refrigerator",799.99,719.96,Sears
Hotpoint,Hotpoint HPS16BTNLWW  15.6 Cu. Ft. Recessed Handle Top-Freezer Refrigerator - White,,659.99,Sears
,Corona 12 Can Portable Mini Fridge AC/DC 10L (10.6 qt) ,179.99,166.99,Sears
Koolatron,"Koolatron Cosmetics Fridge w/ LED Lighted Makeup Mirror 12V 110V, 6L",109.99,99.99,Sears
Equator Advanced Appliances,Equator Advanced Appliances Conserv 14 cu.ft. Garage Convertible Ref/Freezer 0°F-110°F,1859.00,1509.00,Equator Advanced Appliances
Frigidaire,Frigidaire FFHB2750TS 26.8 cu. ft. French Door Refrigerator - Stainless Steel,,2349.99,Sears
Samsung,"Samsung RF23BB89008MAA Bespoke 4-Door French Door Refrigerator (23 cu. ft.) with Family Hub&#8482; Panel in Charcoal Glass & Matte Black Steel, Counter Depth",4499.99,4045.49,Sears
Samsung,Samsung RF29BB8600APAA Bespoke 29 cu. ft 4-Door French Door Refrigerator with Beverage Center,3299.99,2966.69,Sears
Cosmo,Cosmo 22.4 cu. ft. 3-Door French Door Refrigerator with Water Dispenser and Automatic Ice Maker in Stainless Steel,3149.99,2199.99,Premium Appliances
LG,LG 23 cu. ft. Side-by-Side Counter-Depth Refrigerator with Smooth Touch Dispenser,,2015.00,Howard's
Summit,"Summit 28"""" Energy Star Bottom Freezer Refrigerator  a Wine Rack",2617.99,1869.99,Appliances Connection
GE Appliances,"GE Appliances GTE19JTNRBB 30"" 19.2 cu.ft. Black Top Freezer Refrigerator",1079.99,971.96,Sears
GE Appliances,"GE Appliances GTE19JTNRWW 30"" 19.2 cu.ft. White Top Freezer Refrigerator",1079.99,971.96,Sears
Equator,Equator ConServ 3 cu.ft 2 Door Mini Freestanding Refrigerator with Freezer in Stainless,679.00,479.00,Equator Advanced Appliances
Koolatron,"Koolatron Stainless Steel Compact Fridge with Freezer, 1.6 cu ft (44L)",229.99,209.99,Sears
Koolatron,Koolatron Compact Cooler 12V,276.98,152.99,BisonOffice
Coors Light,Coors Light 8 Can Portable Mini Fridge AC/DC 5.4L (5.7 qt) ,129.99,114.99,Sears
GE Appliances,"GE Appliances GYE22GMNES 36"" 23.1 cu.ft. Slate French Door Refrigerator",3499.99,3149.96,Sears
GE,GE GNE29GYNFS  ENERGY STAR 28.7 Cu. Ft. Finrprint Resistant French-Door Refrirator - Finrprint Resistant Stainless,2529.99,2276.96,Sears
Frigidaire,Frigidaire FFHT1814WW  18.3 cu. ft. Top Freezer Refrigerator &#8211; White,,849.99,Sears
Frigidaire,Frigidaire FFHT1835VB  18.3 cu. ft. Top Freezer Refrigerator &#8211; Black,899.99,719.96,Sears
Frigidaire,Frigidaire FRTD2021AB  20.5 Cu. Ft. Top Freezer Refrigerator &#8211; Black,929.99,659.99,Sears
LG,LG LMXS28626S 28 cu.ft. Smart wi-fi Enabled French Door Refrigerator,,2864.45,Tanner Appliance
LG,LG LFDS22520S 22 cu. ft. French Door Refrigerator,,2255.02,Tanner Appliance
Equator Advanced Appliances,"Equator Advanced Appliances Conserv 24"" Wide 10 cu.ft.Top Freezer Refrigerator Stainless",1399.00,1099.00,Equator Advanced Appliances
Koolatron,Koolatron Smartkool Portable Cooler Freezer 40L,1276.65,600.78,BisonOffice
Miller Lite,"Miller Lite Compact Fridge w/ Bottle Opener, 3.2 cu ft (90L), White",349.99,329.99,Sears
Equator Advanced Appliances,Equator Advanced Appliances 3-in-1 Microwave + Grill + Convection Oven,639.00,239.00,Equator Advanced Appliances
,"Coca-Cola Soccer Ball Mini Fridge, 5 Can Beverage Cooler",99.99,89.99,Sears
Coca-Cola,Coca-Cola Polar Bear Mini Fridge 6 Can AC/DC Cooler/Warmer,69.99,64.99,Sears
GE Appliances,"GE Appliances PYE22PYNFS 36"" 22.1 cu.ft. Stainless Steel French Door Refrigerator with Autofill",,3999.99,Sears
Samsung,Samsung RF23BB8600QLAA Bespoke 4-Door French Door Refrigerator (23 cu. ft.) with Beverage Center&#8482; in Stainless Steel,,3799.99,Sears
Samsung,Samsung RF28R7201SG 28 cu. ft. 4-Door French Door Refrigerator - Black Stainless Steel,3299.99,2966.69,Sears
Frigidaire,Frigidaire FRSC2333AS  22.3 cu. ft. Counter-Depth Side-by-Side Refrigerator &#8211; Stainless Steel,1749.99,1199.99,Sears
GE Appliances,"GE Appliances GTE17GSNRSS 28"" 16.6. cu.ft. Stainless Steel Top Freezer Refrigerator",929.99,836.96,Sears
Galanz,Galanz 16 CF French Door Refrigerator,2845.87,1707.52,ErgodE
Samsung,Samsung RF28T5001SG 28 cu. ft. Large Capacity 3-Door French Door Refrigerator in Black Stainless Steel,2299.00,1399.00,Tanner Appliance
Koolatron,Koolatron 18 Bottle Dual Zone Wine Cooler Freestanding Wine Fridge,369.99,329.99,Sears
Costway,Costway 3.2 Cu.Ft. Compact Refrigerator Mini Dorm Small Fridge Freezer Reversible Door,359.99,239.99,factorydirectsale
Coca-Cola,Coca-Cola 8 Can Portable Mini Fridge AC/DC 5.4L (5.7 qt) ,129.99,114.99,Sears
GE Profile Series,GE Profile Series PFE28KMKES 27.8 cu. ft. French Door Refrigerator - Slate,,3499.99,Sears
Samsung,"Samsung RF24BB6200APAA Bespoke 3-Door French Door Refrigerator (24 cu. ft.) with AutoFill Water Pitcher, Counter Depth, - PANEL READY",,2599.99,Sears
Samsung,"Samsung RF28T5001SG/AA 36"" 28 cu.ft. Black Stainless Steel  French Door Refrigerator",2299.99,2069.96,Sears
Samsung,"Samsung RF29BB820012AA Bespoke 4-Door French Door Refrigerator (29 cu. ft.) with AutoFill Water Pitcher in White Glass, Standard Depth",3299.99,2966.69,Sears
GE Appliances,"GE Appliances GTE18GTNRCC 28"" 17.5 cu.ft. Bisque Top Freezer Refrigerator",,949.99,Sears
GE Appliances,"GE Appliances GIE18GTNRBB 28"" 17.5 cu.ft. Black Top Freezer Refrigerator",1029.99,926.96,Sears
GE Appliances,"GE Appliances GPE17CTNRWW 28"" 16.6 cu.ft. White Top Freezer Refrigerator",,799.99,Sears
Hotpoint,Hotpoint HPS16BTNRBB  15.6 Cu. Ft. Top-Freezer Refrigerator - Black,,659.99,Sears
Liebherr,Liebherr MRB-3600 36 Monolith Refrigerator Column with InfinityLight  Supercool  SoftSystem  BioFresh Plus  in Panel Ready,13018.60,9299.00,Appliances Connection
Summit,Summit BKRF21SS 399 Top Freezer Refrigerator with 299.4 cu. ft. Capacity  Temperature Alarm  Crisper  Door Storage and Frost Fre,2757.99,1969.99,Appliances Connection
Galanz,"Galanz GLR12TWEEFR 24"" Retro Style Top Freezer Refrigerator with 12 cu. ft. Total Capacity; Electronic Temperature Control; Fros",,1175.99,Appliances Connection
Bevoi,BEVOI BVIREF18W 18 Cu. Ft. Top Mount Freezer Refrigerator White,1373.75,1099.00,Varouj Appliances
Danby,Danby DCR047A1BBSL 19 Energy Star Compact Refrigerator with 4.7 cu. ft. Total Capacity in Black Stainless Steel,839.99,599.99,Appliances Connection
Danby,Danby 4.4cu.ft. Outdoor Compact Refrigerator - Stainless Steel,,519.99,KART IT
Costway,Costway 3.2 Cu.Ft Mini Refrigerator with  Freezer Compact Fridge with  2 Reversible Door,344.99,229.99,factorydirectsale
Coca-Cola,Coca-Cola 12 Can Portable Mini Fridge AC/DC 10L (10.6 qt),179.99,166.99,Sears
EVERIE,Everie Sous Vide Container 12 Quart With Collapsible Hinged Lid Compatible With Breville Joule Sous Vide Immersion Circulator Co,72.90,43.74,FastMedia
Samsung,"Samsung RF24BB6600APAA 36"" BESPOKE Counter-Depth 3 Door French Door Refrigerator with Beverage CenterTM",,4099.99,Sears
Samsung,Samsung RF30BB6600APAA Bespoke 3-Door French Door Refrigerator (30 cu. ft.) with Customizable Door Panel Colors and Beverage Center&#8482;,,4099.99,Sears
Samsung,Samsung RF22R7551SR/AA 22cu.ft. French Door Counter Depth Refrigerator - Stainless Steel,3899.99,3509.96,Sears
Samsung,Samsung RF28R7551SR/AA 28cu.ft. French Door Refrigerator with 4 Doors - Stainless Steel,3899.99,3506.09,Sears
Samsung,Samsung RF27T5501SG/AA 27 cu. ft. French Door Refrigerator with Family Hub&#8482; -  Black Stainless Steel,,3499.99,Sears
GE Appliances,GE Appliances GTS18HGNRBB GE 17.5 Cu. Ft. Top-Freezer Refrigerator -  Black,,899.00,Sears
Kenmore,Kenmore 46-67803 11.6 cu. ft. Top-Freezer Refrigerator - Stainless Steel,749.99,348.88,Sears
Summit,"Summit 74"" wide casework suite with refrigerator, microwave, and cabinets",6396.98,4264.65,Vir Ventures
Summit,Summit FFRF3075WCSS 30 Side-by-Side Compact Refrigerator and Freezer with 5.4 cu. ft. Capacity  LED Lighting  Frost Free Operation  Hig,3933.99,2809.99,Appliances Connection
LG,LG LRFXS2503S 25 cu. ft. Smart wi-Fi Enabled French Door Refrigerator,,2576.41,Tanner Appliance
Cooler Depot,Cooler Depot 23 cu. ft. Commercial Single Door 33°F to 41°F Refrigerator in Stainless Steel,,2500.00,Cooler Depot
LG,LG LMWC23626S 23 cu. ft. French Door Counter-Depth Refrigerator,,2499.00,Tanner Appliance
Cosmo,"Cosmo 22.5 cu. ft. 4-Door French Door Refrigerator with Recessed Handles in Stainless Steel, Counter Depth",,2254.99,Premium Appliances
Equator Advanced Appliances,Equator Advanced Appliances RR 1100 R,2009.00,1409.00,Equator Advanced Appliances
Blomberg,"Blomberg BRFB1045WH 24"" Bottom Freezer Refrigerator with 11.43 cu. ft. Total Capacity  Silent Cooling Technology  Energy Star  D",1805.99,1289.99,Appliances Connection
Koolatron,"Koolatron 12V Portable Freezer/Refrigerator w/ Bluetooth, 54 qt (50L)",999.99,919.99,Sears
Haier,Haier  3.2 Cu. Ft. Compact Refrigerator Virtual Steel,398.80,318.87,eBuzz
Equator Advanced Appliances,"Equator Advanced Appliances Conserv 2.6 cu.ft. Compact Refrigerator-Stainless, Reversible Door",509.00,309.00,Equator Advanced Appliances
Coors,"Coors Light Ice Chest Cooler with Bottle Opener, 51L (54 qt), 85 Cans",299.99,274.99,Sears
Coca-Cola,"Coca-Cola 18 Can Retro Mini Fridge, 12V DC 110V AC Cooler, 5.4L (5.7 qt) ",159.99,142.99,Sears
Coca-Cola,Coca-Cola World 1971 Series 4L Cooler/Warmer 12V DC 110V AC Mini Fridge,89.99,79.99,Sears
Haier,Haier HA10TG21SW 24 Top Freezer Refrigerator with 9.8 cu. ft. Total Capacity  Frost-Free and Glass Shelves in white,881.99,629.99,Appliances Connection
Equator Advanced Appliances,"Equator Advanced Appliances 11.5 cu.ft. Real Stainless Bottom Large Freezer E-Star Refrigerator with Wine Rack, Reversible Door",1859.00,1459.00,Equator Advanced Appliances
Samsung,Samsung RF24BB660012AA Bespoke 3-Door French Door Refrigerator (24 cu. ft.) with Beverage Center&#8482; in White Glass,,4099.99,Sears
Samsung,Samsung RF22R7351SR 22 cu. ft. 4-Door French Door Food Showcase Refrigerator - Stainless Steel,,3599.99,Sears
Samsung,"Samsung RF23BB8200APAA Bespoke 4-Door French Door Refrigerator (23 cu. ft.) with AutoFill Water Pitcher, Counter Depth - PANEL READY",,2999.99,Sears
Samsung,"Samsung RF30BB620012AA Bespoke 3-Door French Door Refrigerator (30 cu. ft.) with AutoFill Water Pitcher in White Glass, Standard Depth",,2899.99,Sears
GE Appliances,GE Appliances GPV10FSNSB 9.8cu.ft. 12V DC Top Freezer Refrigerator - Stainless Steel,,1299.99,Sears
GE Appliances,"GE Appliances GIE18GTNRWW 28"" 17.5 cu.ft. White Top Freezer Refrigerator",1029.99,926.96,Sears
Hotpoint,Hotpoint HPE16BTNLWW  15.6 Cu. Ft. Top-Freezer Refrigerator - White,,679.99,Sears
GE Appliances,GE Appliances GDE03GGKWW Double-Door Compact Refrigerator,,389.99,Sears
Equator Advanced Appliances,Equator Advanced Appliances 24 in. 11 cu. ft. Classic Retro Single Door Refrigerator in Black,1859.00,1409.00,Equator Advanced Appliances
EdgeStar,Edgestar Kc1000Ss Craft Brew Kegerator For 1/6 Barrel And Cornelius Kegs,1039.58,623.75,Ami Ventures Inc
Bevoi,BEVOI BVIREF7SS 7.4 CF Two Door Apartment Size Refrigerator Stainless Steel,719.00,619.00,Varouj Appliances
Koolatron,Koolatron Thermoelectric Iceless 12V Cooler/Warmer 33 qt (31L) w/ Wheels,239.99,219.99,Sears
,Corona 8 Can Portable Mini Fridge AC/DC 5.4L (5.7 qt) ,129.99,114.99,Sears
Michelin,"Michelin Portable 6 Can Mini Fridge w/ LED Lighted Door, 12V and 110V Cords, 6L (6.3 qt) Cooler Blue",119.99,99.99,Sears
Coca-Cola,Coca-Cola Smile 1971 Series 4L Cooler/Warmer 12V DC 110V AC Mini Fridge,89.99,79.99,Sears
GE Appliances,GE Appliances GNE21FSKSS 20.8 cu. ft. French Door Refrigerator - Stainless Steel,,1799.99,Sears
Samsung,"Samsung RF24BB6200QLAA Bespoke 3-Door French Door Refrigerator (24 cu ft) w/AutoFill Pitcher in Fingerprint Resistant Stainless Steel, Counter Depth",2999.99,2696.99,Sears
Samsung,Samsung RT18M6215SG/AA 18 cu. ft. Top-Freezer Refrigerator with FlexZone&#8482; - Black Stainless Steel,1149.99,1034.96,Sears
GE Appliances,"GE Appliances GTS16DTNRWW 28"" 15.6 cu.ft. White Top Freezer Refrigerator",,729.99,Sears
KoolMore,"Koolmore RIR-1D-GD 29"" Stainless Steel 1 Glass Door Commercial Reach-In Refrigerator Cooler - 23 Cu. Ft",3611.99,2579.99,Appliances Connection
AccuCold,"AccuCold 10.1 cu.ft. general purpose auto defrost all-refrigerator with internal fan in thin 24"" footprint",2178.68,1452.45,Vir Ventures
Summit Appliance,"Summit Appliance Summit FF64BSS 24"""" 4.6 Cu. Ft. Built-In Undercounter All Refrigerator with Stainless Steel Door  Digital Thermostat  Adjustable Glass",1945.99,1389.99,Appliances Connection
Equator Advanced Appliances,"Equator Advanced Appliances Conserv 10.7 cu. ft. Bottom Mount Retro Refrigerator in Red, Black, or Cream",2059.00,1349.00,Equator Advanced Appliances
Magic Chef,Magic Chef MCBR350S2 19 Mini Refrigerator 3.5 cu. ft. in Stainless Steel,616.62,316.22,BisonOffice
Magic Chef,Magic Chef 3.5 Cu Ft Refrigerator Manual Defrost - Black,,251.88,easternstar
Angel Canada,"Angel canada 60 can Wine and Beverage Refrigerator cooler - Mini Fridge with Reversible clear Front glass Door and Thermostat, L",416.65,249.99,FastMedia
Koolatron,Koolatron 4L Retro Portable Mini Fridge 12V DC 110V AC 6 Can Cooler Pink,69.99,59.88,Sears
Samsung,"Samsung RF24BB69006MAA Bespoke 3-Door French Door Refrigerator (24 cu. ft.) w/Family Hub&#8482; Panel in White Glass & Matte Gray, Counter Depth",,4199.99,Sears
LG,LG LRMXS2806D  27.8 cu. ft. 4-Door French Door Refrigerator with Craft Ice&#8482; - Black Stainless Steel,,3399.99,Sears
Samsung,Samsung RS27T5561SR/AA 26.7 cu. ft. Stainless Steel Family Hub Side-by-Side Smart Refrigerator,,2332.99,Sears
GE Appliances,"GE Appliances GTE18DCNRSA 28"" 17.5 cu.ft. Silver Top Freezer Refrigerator",,929.99,Sears
Hotpoint,Hotpoint HPS18BTNRBB  17.5 Cu.Ft. Recessed Handle Top-Freezzer Refrigerator - Black,,749.00,Sears
Dacor,Dacor DRR24980RAP 24 Contemporary Series Column Refrigerator,10498.60,7499.00,Appliances Connection
Cosmo,"Cosmo 22.5 cu. ft. 4-Door French Door Refrigerator with Pull Handles in Stainless Steel, Counter Depth",,2212.99,Premium Appliances
Summit,Summit FFBF241W 24 Bottom Freezer Refrigerator with 11.35 cu. ft. Capacity  Crisper Drawer  Ultra Quiet Operation  in White,2337.99,1669.99,Appliances Connection
Equator Advanced Appliances,"Equator Advanced Appliances Conserv 10.7 cu. ft. Bottom Mount Retro Refrigerator in Red, Black, or Cream",1899.00,1299.00,Equator Advanced Appliances
Equator Advanced Appliances,"Equator Advanced Appliances Conserv 24"" Wide 10.8 cu.ft.Bottom Freezer Refrigerator Stainless",1519.00,1219.00,Equator Advanced Appliances
Danby,Danby DAR110A3LDB 24 Scarlett Metallic Red Contemporary Classic Apartment Size Refrigerator 11 cu. ft.,1553.99,1109.99,Appliances Connection
Summit,Summit FF1427W 26 Top Freezer Refrigerator with 12.9 cu. ft. Capacity  Adjustable Glass Shelves  Reversible Doors  Interior Ligh,1385.99,989.99,Appliances Connection
Frigidaire,FRIGIDAIRE FFTR1835VW Frigidaire 18.3 Cu. Ft. Top Freezer Refrigerator,1356.60,969.00,Tanner Appliance
Forte,ForteF18TFRESSS 30Beverage Fridge Freestanding Top Freezer Refrigerator with 18.3 cu. ft. Total Capacity Energy Star Reversible,1120.00,800.00,Appliances Connection
Forte,Forte F15TFRESSS 28 inch 250 Series Freestanding Top Freezer Refrigerator with 14.5 cu. ft. Total Capacity; Energy Star; Reversi,1048.60,749.00,Appliances Connection
Equator,Equator ConServ 4.5cu.ft 2 Door Mini Freestanding Refrigerator with Freezer in Stainless,829.00,629.00,Equator Advanced Appliances
Uber Appliance,"Uber Appliance UB-XL1 Uber Chill 12 can 9 Liter retro personal mini fridge for bedroom, office or dorm",,129.99,KNG International
Coca-Cola,Coca-Cola Peace 1971 Series 4L Cooler/Warmer 12V DC 110V AC Mini Fridge,89.99,79.99,Sears
FOHERE,"FOHERE waffle maker, belgian waffle maker iron 180 flip double waffle, 8 slices, rotating & nonstick plates, removable drip tray, co",89.21,71.33,Mac Marvel's
Samsung,Samsung RF23M8090SG/AA 23 cu. ft. Counter-Depth 4-Door French Door Refrigerator with Polygon Handles - Black Stainless Steel,,4199.00,Sears
Samsung,Samsung RF28R7551SG/AA 28cu.ft. French Door Refrigerator with 4 Doors - Black Stainless Steel,,3899.99,Sears
GE Appliances,"GE Appliances GPE12FGKBB 24"" 11.6 cu.ft. Black Top Mount Refrigerator",,1099.99,Sears
GE Appliances,"GE Appliances GTS18DTNRWW 28"" 17.5 cu.ft. White Top Freezer Refrigerator",,849.99,Sears
Frigidaire,Frigidaire FFHT1814WB  18.3 cu. ft. Top Freezer Refrigerator &#8211; Black,,849.99,Sears
Dacor,Dacor DRF365300AP 36Beverage Fridge  Panel Ready Built-In French Door Refrigerator,10498.60,7499.00,Appliances Connection
Cooler Depot,Cooler Depot 72 in. W 15.5 cu. ft. Commercial Under Counter Refrigerator Cooler in Stainless Steel,,3200.00,Cooler Depot
Summit,"Summit Appliance 36"" Wide Built-In Refrigerator-Freezer",3193.92,2129.28,Vir Ventures
Liebherr,Liebherr CS1400RIM 30 Energy Star Rated Freestanding Bottom Freezer Refrigerator with 12.8 cu. ft. Capacity in Stainless Steel,3988.60,2849.00,Appliances Connection
LG,LG LFXS26973S 26 cu. ft. Smart wi-fi Enabled French Door Refrigerator,,2686.53,Tanner Appliance
Kucht,KUCHT Professional K748FDS 36 in French Door Refrigerator in Stainless Steel,,2560.00,KUCHT
Galanz,"Galanz GLR12BS2K16 24"" 3 Door Bottom Mount Refrigerator with 12.4 cu. ft. Capacity; Ice Maker; Electronic Temperature Controls;",2225.99,1589.99,Appliances Connection
Equator Advanced Appliances,Equator Advanced Appliances Equator 14.3 cf Stainless Refrigerator-Freezer Top Mount Frost Free E-Star Europe,1609.00,1309.00,Equator Advanced Appliances
Galanz,"Galanz GLR10TS5F 24"" Top Freezer Refrigerator with 10 cu. ft. Total Capacity; Electronic Temperature Control; Frost Free; LED In",,1301.99,Appliances Connection
Danby,Danby DAR110A3MDB 24 Midnight Metallic Black Contemporary Classic Apartment Size Refrigerator 11 cu. ft.,1553.99,1109.99,Appliances Connection
KoolMore,Koolmore DC-3CB Commercial Glass Bakery Display Case 4 Tier Self Service Pastry Case With Led Lighting And Rear Door - 2.7 Cu. F,1119.99,799.99,Appliances Connection
Summit,Summit Appliance Compact All-Refrigerator,676.85,451.23,Vir Ventures
Costway,Costway 3.2 Cu.Ft Mini Refrigerator with Freezer Compact Fridge with 2 Reversible Door Black,329.99,219.99,factorydirectsale
Danby,"Danby 1.6 cu ft Auto Defrost Energy Star Energy Efficient Smooth Back Compact Fridge, Black (DAR016B1BM)",,174.99,Circuit City
LG STUDIO,LG STUDIO LSSB2692ST 26.5 cu. ft. Smart Wi-Fi Enabled Side-By-Side Refrigerator - Stainless Steel,,8799.97,Sears
LG,LG LRFVC2406D  23.5 cu. ft. 3-Door InstaView&#8482; w/ Craft Ice&#8482;   Door-in-Door&#174; Counter-Depth Refrigerator&#8211; PrintProof&#8482; Black Stainless,,4599.99,Sears
Haier,"Haier QNE27JYMFS 36"" 27 cu.ft. Stainless Steel Bottom Freezer Refrigerator",,2399.99,Sears
Samsung,Samsung RS27T5561SG/AA 26.7 cu. ft. Black Stainless Steel Family Hub Side-by-Side Smart Refrigerator,2443.99,2199.96,Sears
Samsung,Samsung RS27T5200SG/AA 27.4 cu. ft. Black Stainless Steel Side-by-Side Smart Refrigerator,,1777.99,Sears
Summit,"Summit 64"" wide casework suite with refrigerator, microwave, and cabinets",5886.60,3924.40,Vir Ventures
Liebherr,Liebherr CBS1661 30 Energy Star Rated Freestanding Left Hinge Bottom Freezer Refrigerator  in Stainless Steel,6998.60,4999.00,Appliances Connection
Summit Commercial,"Summit Commercial 10.1 cu.ft. commercial all-refrigerator with stainless steel interior and exterior, digital thermostat, lock, and automatic de",4189.05,2792.70,Vir Ventures
CAFE,"CAFE CWE23SP4MW2 36 Inch, 23.1 Cu. Ft. Freestanding Counter Depth French Door Smart Refrigerator",,3204.93,Tanner Appliance
Summit,"Summit Appliance 24"" Wide 2-Drawer All-Refrigerator",3162.83,2108.55,Vir Ventures
Cooler Depot,Cooler Depot 65 in. W 18 cu. ft. Sliding Door Beer Cooler in Black,,2500.00,Cooler Depot
Summit,"Summit 24"""" Drawer Refrigerator with 34 cu ft Capacity Digital Thermostat Temperature Alarm and Sliding Basket in Stainless Stee",3486.00,2490.00,Appliances Connection
Blomberg,"Blomberg BRFB1822SSN 30"" Bottom Freezer with 18 cu. ft. Capacity  Ice Maker and Wrapped Stainless Steel Doors",2659.99,1899.99,Appliances Connection
Forte,Forte FFD27ESSSS 36 French Door Refrigerator with 26.6 cu. ft. Total Capacity  Energy Star  Internal Water Dispenser  No Frost,2547.99,1819.99,Appliances Connection
Equator Advanced Appliances,Equator Advanced Appliances Conserv 21cu.ft. Top Freezer Refrig Stainless Icemaker Frostfree No Fingerprint,2319.00,1729.00,Equator Advanced Appliances
Midea,Midea WHD-774FWEW1 33 inch Top Freezer Refrigerator|21 cu. ft. Capacity|Energy Star|Electronic Temperature Control|in White,1637.99,1169.99,Appliances Connection
Equator Advanced Appliances,"Equator Advanced Appliances Conserv 4.5 cu. Ft. Compact Refrigerator-Stainless, Reversible Door",649.00,449.00,Equator Advanced Appliances
Phiestina,Phiestina PH-cBR100SP 96 can compressor Beverage cooler Air-cooled Refrigerator Stainless Steel & glass Door with Handle,747.92,448.75,FastMedia
Danby,"Danby 21"""" Energy Star Rated Compact Refrigerator  Chrome Accent",587.99,419.99,Appliances Connection
Danby,"Danby DAR044A6PDB 21"""" Energy Star Compliant Compact Refrigerator with 4.4 cu. ft. Storage Capacity  Glass Shelves  Interior White LED",559.99,399.99,Appliances Connection
Magic Chef,Magic Chef 4.4 cf Refrigerator BLACK,554.64,332.78,ErgodE
Danby,"Danby 21"""" Wide Energy Star Rated Compact Refrigerator with 44 cu ft Capacity 3 Shelves tegrated Door le & Reversible Door Hge",461.99,329.99,Appliances Connection
Kegworks,Kegworks Double Tap Tower Kegerator Conversion Kit With Stainless Steel Tower (No Co2 Tank),520.82,312.49,Global Discount Store
Danby,"Danby Dar026A1Bdd-6 2.6 Cu.Ft. Mini Fridge, Compact Refrigerator For Bedroom, Office, Bar, Countertop, E-Star Rated In Black",474.98,284.99,FastMedia
BLACK+DECKER,"BLACK+DECKER 3.2 Cu. Ft. Compact Refrigerator,VCM",389.99,269.99,My Home Products LLC
Igloo,"Igloo Frigidaire Eraser Board Refrigerator, 3.2 cu ft Black",298.80,255.40,eBuzz
PEPSI(R),PEPSI(R) Pepsi Mis165Pep 1.8 Cubic-Foot Compact Refrigerator With Glass Door,,255.01,jBUYj
Magic Chef,Magic Chef MCAR170STE 18 Mini Refrigerator with 1.7 cu. ft. in Stainless Steel,335.99,239.99,Appliances Connection
Magic Chef,"Magic Chef 1.7 Cu Ft Refrigerator Manual Defrost, Estar - Black",,166.41,KART IT
Ukonic,"Ukonic Marvel comics Spider-Man 4-Liter Mini Fridge Thermoelectric cooler, Holds 6 cans Small Refrigerator Drink cooler for Soda, Beer,",158.32,94.99,FastMedia
Danby,Danby Designer 11-Cu. Ft. All Refrigerator with Black Sides with Spotless Steel Door,,1120.00,KART IT
Samsung,Samsung RF22R7351SG 22 cu. ft. 4-Door French Door Food Showcase Refrigerator - Black Stainless Steel,,3699.99,Sears
GE Appliances,GE Appliances GFE24JMKES 23.8 cu. ft. French Door Refrigerator - Slate,,2799.99,Sears
Samsung,Samsung RT21M6215SR/AA 21 cu. ft. Top-Freezer Refrigerator with FlexZone&#8482; - Stainless Steel,1249.99,1122.49,Sears
,"GTE17GTNRBB 28"" 16.6 cu.ft. Black Top Freezer Refrigerator",879.99,791.96,Sears
Hotpoint,Hotpoint HPE16BTNRWW  15.6 Cu. Ft. Top-Freezer Refrigerator - White,,679.99,Sears
Kucht,"KUCHT 36"" Built-In-Refrigerator",,8750.00,KUCHT
Kucht,"KUCHT 30"" Built-In-Refrigerator",,6600.00,KUCHT
Blomberg,"Blomberg BRFB1900FBI 30"" Bottom Freezer Built In Refrigerator  in Panel Ready",7978.60,5699.00,Appliances Connection
Summit,"Summit 24"" wide shallow depth built-in undercounter all-refrigerator with slide-out side storage compartment",3528.68,2352.45,Vir Ventures
AccuCold,AccuCold Pharma-Vac Performance Series 8 cu.ft. all-refrigerator with glass door,3173.81,2115.87,Vir Ventures
Cooler Depot,"Cooler Depot Double Tap Kegerator Beer Dispenser - Black, (2) 1/2 Keg Capacity",,2900.00,Cooler Depot
AccuCold,"AccuCold Compact auto defrost medical/scientific all-refrigerator with digital thermostat, NIST calibrated thermometer/alarm, front loc",2281.11,1520.74,Vir Ventures
Summit,Summit SCR149999W 24 inch Stainless Steel 12.6 cu. ft. Commercial Glass Door Beverage Merchandiser-Digital Thermostat Frost-Free,3121.99,2229.99,Appliances Connection
Summit,"Summit FFBF247SSIM 24"""" Energy Star Bottom Freezer Refrigerator with 11 cu. ft. Capacity  Factory Installed Ice Maker  Adjustable Glass",2799.99,1999.99,Appliances Connection
Summit,Summit FFBF281WLHD 28 Energy Star Bottom Freezer Refrigerator with 16.8 cu. ft. Capacity  LED Lighting  Open Door Alarm and Glas,2645.99,1889.99,Appliances Connection
Cooler Depot,Cooler Depot 15.5 cu. ft. Commercial Merchandise Upright One Glass Door Refrigerator Beverage Cooler in White,,1800.00,Cooler Depot
Summit,"Summit 24"""" Energy Star Certified Bottom Freezer Refrigerator  Left Hinge",2519.99,1799.99,Appliances Connection
Cooler Depot,Cooler Depot 35 in. 7.4 cu. ft. 2 Glass Door Counter Height Back Bar Cooler Refrigerator with LED Lighting in Black,,1600.00,Cooler Depot
Equator Advanced Appliances,Equator Advanced Appliances Conserv 18cu.ft. Top Freezer Refrig Stainless Icemaker Frostfree No Fingerprint,2029.00,1509.00,Equator Advanced Appliances
Summit,"Summit AL54IF 24"""" ADA Compliant  Commercial Compact Refrigerator with 4.8 cu. ft. Capacity  Factory Installed Lock  Frost Free Operati",2085.99,1489.99,Appliances Connection
Zephyr,Zephyr BWB24c32Ag Brisas Series 24 Inch dual-zone Stainless Steel Freestanding or Built-In Beverage Wine center with French Door,2289.58,1373.75,FastMedia
Summit,Summit FF19985SS 24 Energy Star Qualified Top Freezer Refrigerator with 9.9 cu. ft. Capacity   Frost-Free Operation  Adjustable,,1301.99,Appliances Connection
Summit,Summit  8.8 cu.ft. frostfree refrigeratorfreezer  adjustable glass shelves and reversible doors in White,1091.99,779.99,Appliances Connection
Equator Advanced Appliances,Equator Advanced Appliances OR 400,1129.00,699.00,Equator Advanced Appliances
Forte,Forte F15TFRESBB 28 Freestanding Top Freezer Refrigerator with 14.5 cu. ft. Total Capacity  Energy Star  Reversible Doors  in Bl,937.99,669.99,Appliances Connection
TYLZA,"TYLZA 15 Inch Beverage Refrigerator, 130 can capacity Mini Fridge, 15 Beverage cooler Under counter Built-in or Freestanding wit",1041.65,624.99,FastMedia
RCA,RCA 4.5CFT MINI FRDG STNLS,524.09,349.39,Vir Ventures
Avanti,Avanti RA31B0W 19 inch 2 Door Compact Refrigerator in White,447.99,319.99,Appliances Connection
Nightcore,"Nightcore, countertop, freestanding, beverage, drink chiller, refrigerator, mini fridge, beer, wine cooler, 18.5AA x 17.5AA x 19",479.15,287.49,FastMedia
Commercial Cool,"Commercial Cool CCR26W Compact Single Door Refrigerator and Freezer, 2.6 Cu. Ft. Mini Fridge, White",461.43,276.86,ErgodE
"Frigidaire,","Frigidaire, Frigidaire Efr376-B-Black 3.2-Cu.-Ft. 65-Watt Retro Bar Fridge With Side Bottle",,273.22,jBUYj
BLACK+DECKER,"BLACK+DECKER 3.2 Cu. Ft. Compact Refrigerator,White",379.99,259.99,My Home Products LLC
Liebherr,Liebherr Monolith Brushed Aluminum Soft-Edge Handle,348.60,249.00,Appliances Connection
Health and Home,"health and home 3-in-1 waffle, omelet, egg waffle maker, 3 removable nonstick baking plates, upgraded 360 rotating belgian ma",111.82,89.39,Mac Marvel's
Xtrempro,Xtrempro Portable 4 Liter Cooler and Warmer Compact Mini Refrigerator Pink w/ Eraser Board for Home Car,99.99,49.99,GCIG INC
Danby,Danby DFF101B1BDB 24 Top Freezer Refrigerator with 10.1 cu. ft. Total Capacity  Adjustable Glass  Frost Free  Crisper  in Black,1091.99,779.99,Appliances Connection
Danby,Danby DFF101B1WDB 24 Top Freezer Refrigerator 10.1 cu. ft. Total in White,1077.99,769.99,Appliances Connection
Samsung,Samsung RF24R7201SR 23 cu. ft. 4-Door French Door Refrigerator - Stainless Steel,,3299.99,Sears
Samsung,Samsung RS22T5201SR/AA 22cu.ft. Counter Depth Side By Side Refrigerator - Stainless Steel,,1777.99,Sears
Samsung,Samsung RT21M6215SG/AA 21 cu. ft. Top-Freezer Refrigerator with FlexZone&#8482; - Black Stainless Steel,,1349.99,Sears
GE Appliances,"GE Appliances GTE18DTNRBB 28"" 17.5 cu.ft. Black Top Freezer Refrigerator",,879.99,Sears
GE Appliances,"GE Appliances GTE17DTNRBB 28"" 16.6 cu.ft. Black Top Freezer Refrigerator",799.99,719.96,Sears
Haier,Haier HA10TG21SW 9.8 Cu. Ft. Top Freezer Refrigerator,,679.99,Sears
Cooler Depot,Cooler Depot 21.5 Cu.Ft NSF Bakery Refrigerated Display Case,,4500.00,Cooler Depot
AccuCold,"AccuCold 10.1 cu.ft. commercial all-refrigerator with stainless steel interior and exterior, digital thermostat, lock, and automatic de",,4423.44,Vir Ventures
Cooler Depot,Cooler Depot 53 in. W 45 cu. ft. Two Sliding Glass Door Reach In Merchandiser Commercial Refrigerator in White,,3500.00,Cooler Depot
AccuCold,"AccuCold Summit Appliance Acr1415Rh Accucold 24 Wide Pharmaceutical All-Refrigerator With Right Hand Door Swing, Glass Door, Lock, Digita",5055.82,3033.49,Ami Ventures Inc
U-line,"U-line U-ADA24RS-13B 24"""" Energy Star Rated ADA Series Built-In Solid Door Compact Refrigerator with 5.3 cu. ft. Capacity  Convection C",4213.99,3009.99,Appliances Connection
Cooler Depot,Cooler Depot 29 in. W 23 cu. ft. Single Glass Door Commercial Merchandiser Refrigerator in Stainless Steel,,2800.00,Cooler Depot
LG,LG LRFXS2503D 25 cu. ft. Smart Wi-Fi Enabled French Door Refrigerator,,2668.71,Tanner Appliance
Summit Commercial,Summit Commercial Built-in undercounter commercial refrigerator with SS interior and door,2634.17,1756.11,Vir Ventures
Cooler Depot,Cooler Depot LG 48 in. W 35.3 cu. ft. Swing Glass Door Reach-In Merchandiser in White,,2500.00,Cooler Depot
AccuCold,"AccuCold Commercially listed built-in undercounter all-refrigerator for general purpose use, auto defrost w/lock, SS wrapped door, hori",2432.94,1621.96,Vir Ventures
Cooler Depot,Cooler Depot 8.3 Cu.Ft NSF Merchandiser Bakery Case 68 Inch Refrigerator Display,,2300.00,Cooler Depot
